from_shape,to_shape,count,p_to_given_from,p_to_background,lift,null_mean,null_sd,z,empirical_p,empirical_p_tail,p_value_scope,book,level,shape_field,transition_accent_mode
P<=4_A4_C0,P<=4_A0-1_C0,44,0.1060241,0.07347153,1.44306368,30.346,4.60746584,2.963451,0.00199601,upper,screening_selected_transition,deuteronomy,minor,transition_bucket_shape,accent_words
P<=4_A0-1_C0,P5-6_A5_C0,34,0.12142857,0.08134348,1.49278802,22.754,4.25743297,2.641498,0.00998004,upper,screening_selected_transition,deuteronomy,minor,transition_bucket_shape,accent_words
P5-6_A4_C0,P<=4_A0-1_C0,29,0.116,0.07347153,1.57884286,18.58,4.33048568,2.406197,0.01596806,upper,screening_selected_transition,deuteronomy,minor,transition_bucket_shape,accent_words
P<=4_A3_C0,P<=4_A0-1_C0,111,0.08685446,0.07347153,1.18215124,93.77,7.58156053,2.272619,0.01397206,upper,screening_selected_transition,deuteronomy,minor,transition_bucket_shape,accent_words
P<=4_A2_C0,P5-6_A3_C0,26,0.03128761,0.02204146,1.41948885,18.12,3.66557948,2.149728,0.02195609,upper,screening_selected_transition,deuteronomy,minor,transition_bucket_shape,accent_words
P5-6_A5_C0,P5-6_A4_C0,29,0.09354839,0.06559958,1.42605161,19.96,4.52762618,1.996631,0.04391218,upper,screening_selected_transition,deuteronomy,minor,transition_bucket_shape,accent_words
P<=4_A0-1_C0,P5-6_A4_C0,25,0.08928571,0.06559958,1.36107143,18.296,4.13649673,1.620695,0.07185629,upper,screening_selected_transition,deuteronomy,minor,transition_bucket_shape,accent_words
P<=4_A2_C0,P5-6_A6-7_C0,25,0.03008424,0.02309105,1.30285253,19.204,3.84029683,1.509258,0.09381238,upper,screening_selected_transition,deuteronomy,minor,transition_bucket_shape,accent_words
P7-9_A6-7_C0,P<=4_A4_C0,20,0.1459854,0.1088953,1.34060329,14.992,3.47967704,1.439214,0.10978044,upper,screening_selected_transition,deuteronomy,minor,transition_bucket_shape,accent_words
P<=4_A2_C0,P<=4_A3_C0,294,0.35379061,0.33534505,1.05500472,278.8,12.12245469,1.253871,0.11976048,upper,screening_selected_transition,deuteronomy,minor,transition_bucket_shape,accent_words
P<=4_A3_C0,P<=4_A3_C0,442,0.3458529,0.33534505,1.03133442,427.952,13.32654831,1.054136,0.14770459,upper,screening_selected_transition,deuteronomy,minor,transition_bucket_shape,accent_words
P5-6_A6-7_C0,P<=4_A2_C0,23,0.26136364,0.218053,1.19862433,18.984,3.87010328,1.037698,0.18363273,upper,screening_selected_transition,deuteronomy,minor,transition_bucket_shape,accent_words
P<=4_A0-1_C0,P<=4_A3_C0,102,0.36428571,0.33534505,1.08630114,94.16,7.63406562,1.026976,0.16766467,upper,screening_selected_transition,deuteronomy,minor,transition_bucket_shape,accent_words
P<=4_A4_C0,P<=4_A2_C0,98,0.23614458,0.218053,1.0829687,90.884,7.97607545,0.892168,0.20159681,upper,screening_selected_transition,deuteronomy,minor,transition_bucket_shape,accent_words
P5-6_A5_C0,P<=4_A0-1_C0,26,0.08387097,0.07347153,1.14154378,22.646,4.49946378,0.745422,0.27345309,upper,screening_selected_transition,deuteronomy,minor,transition_bucket_shape,accent_words
P<=4_A3_C0,P7-9_A6-7_C0,50,0.03912363,0.03594857,1.08832231,45.932,5.50053523,0.739564,0.24750499,upper,screening_selected_transition,deuteronomy,minor,transition_bucket_shape,accent_words
P5-6_A4_C0,P<=4_A4_C0,31,0.124,0.1088953,1.13870843,27.362,5.06421252,0.718374,0.26546906,upper,screening_selected_transition,deuteronomy,minor,transition_bucket_shape,accent_words
P7-9_A6-7_C0,P<=4_A2_C0,33,0.24087591,0.218053,1.10466679,29.77,4.75798032,0.678859,0.27744511,upper,screening_selected_transition,deuteronomy,minor,transition_bucket_shape,accent_words
P<=4_A4_C0,P<=4_A4_C0,48,0.11566265,0.1088953,1.06214545,44.99,5.61649268,0.535922,0.33333333,upper,screening_selected_transition,deuteronomy,minor,transition_bucket_shape,accent_words
P<=4_A3_C0,P7-9_A8+_C0,14,0.01095462,0.00997114,1.09863273,12.558,2.8863989,0.499584,0.37325349,upper,screening_selected_transition,deuteronomy,minor,transition_bucket_shape,accent_words
P5-6_A5_C0,P<=4_A2_C0,71,0.22903226,0.218053,1.05035131,67.798,7.05923946,0.45359,0.35129741,upper,screening_selected_transition,deuteronomy,minor,transition_bucket_shape,accent_words
P5-6_A4_C0,P5-6_A5_C0,21,0.084,0.08134348,1.03265806,20.23,4.34774721,0.177103,0.46706587,upper,screening_selected_transition,deuteronomy,minor,transition_bucket_shape,accent_words
P<=4_A2_C0,P<=4_A2_C0,183,0.22021661,0.218053,1.00992237,181.452,10.21118174,0.151599,0.4510978,upper,screening_selected_transition,deuteronomy,minor,transition_bucket_shape,accent_words
P10-12_A8+_C0,P<=4_A3_C0,14,0.34146341,0.33534505,1.01824497,13.698,3.10000259,0.097419,0.52694611,upper,screening_selected_transition,deuteronomy,minor,transition_bucket_shape,accent_words
P7-9_A6-7_C0,P<=4_A3_C0,46,0.33576642,0.33534505,1.00125653,45.932,5.20245202,0.013071,0.51497006,upper,screening_selected_transition,deuteronomy,minor,transition_bucket_shape,accent_words
P<=4_A3_C0,P<=4_A2_C0,279,0.21830986,0.218053,1.00117795,279.088,12.46141363,-0.007062,0.53493014,upper,screening_selected_transition,deuteronomy,minor,transition_bucket_shape,accent_words
P5-6_A5_C0,P<=4_A4_C0,33,0.10645161,0.1088953,0.97755927,33.966,5.54168427,-0.174315,0.61277445,upper,screening_selected_transition,deuteronomy,minor,transition_bucket_shape,accent_words
P<=4_A2_C0,P5-6_A4_C0,53,0.06377858,0.06559958,0.97224067,54.718,6.4608018,-0.265911,0.61477046,upper,screening_selected_transition,deuteronomy,minor,transition_bucket_shape,accent_words
P<=4_A4_C0,P<=4_A3_C0,137,0.33012048,0.33534505,0.98442031,139.302,8.63016544,-0.266739,0.62674651,upper,screening_selected_transition,deuteronomy,minor,transition_bucket_shape,accent_words
P<=4_A3_C0,P5-6_A3_C0,27,0.02112676,0.02204146,0.95850101,28.156,4.21654153,-0.274158,0.64670659,upper,screening_selected_transition,deuteronomy,minor,transition_bucket_shape,accent_words
P5-6_A5_C0,P5-6_A5_C0,24,0.07741935,0.08134348,0.95175858,25.264,4.60746802,-0.274337,0.61077844,upper,screening_selected_transition,deuteronomy,minor,transition_bucket_shape,accent_words
P<=4_A2_C0,P<=4_A4_C0,88,0.10589651,0.1088953,0.97246169,90.774,7.72750624,-0.358977,0.66666667,upper,screening_selected_transition,deuteronomy,minor,transition_bucket_shape,accent_words
P5-6_A4_C0,P5-6_A4_C0,15,0.06,0.06559958,0.91464,16.484,3.91259003,-0.379288,0.7005988,upper,screening_selected_transition,deuteronomy,minor,transition_bucket_shape,accent_words
P<=4_A3_C0,P5-6_A5_C0,100,0.07824726,0.08134348,0.96193649,104.05,7.84439731,-0.516292,0.7245509,upper,screening_selected_transition,deuteronomy,minor,transition_bucket_shape,accent_words
P<=4_A3_C0,P<=4_A4_C0,133,0.10406886,0.1088953,0.95567811,139.126,8.9683324,-0.68307,0.79441118,upper,screening_selected_transition,deuteronomy,minor,transition_bucket_shape,accent_words
P5-6_A4_C0,P<=4_A2_C0,50,0.2,0.218053,0.91720818,54.776,6.4249813,-0.743348,0.80638723,upper,screening_selected_transition,deuteronomy,minor,transition_bucket_shape,accent_words
P<=4_A2_C0,P5-6_A5_C0,62,0.0746089,0.08134348,0.91720818,67.516,6.74987894,-0.8172,0.81237525,upper,screening_selected_transition,deuteronomy,minor,transition_bucket_shape,accent_words
P<=4_A0-1_C0,P<=4_A4_C0,26,0.09285714,0.1088953,0.85271945,30.136,4.99232919,-0.828471,0.83832335,upper,screening_selected_transition,deuteronomy,minor,transition_bucket_shape,accent_words
P<=4_A4_C0,P5-6_A4_C0,23,0.05542169,0.06559958,0.84484819,27.098,4.66861735,-0.877776,0.83632735,upper,screening_selected_transition,deuteronomy,minor,transition_bucket_shape,accent_words
P5-6_A3_C0,P<=4_A2_C0,15,0.17857143,0.218053,0.81893588,18.278,3.69269386,-0.887699,0.86427146,upper,screening_selected_transition,deuteronomy,minor,transition_bucket_shape,accent_words
P5-6_A6-7_C0,P<=4_A3_C0,26,0.29545455,0.33534505,0.88104638,29.884,4.34745267,-0.893397,0.86027944,upper,screening_selected_transition,deuteronomy,minor,transition_bucket_shape,accent_words
P<=4_A4_C0,P5-6_A5_C0,29,0.06987952,0.08134348,0.85906724,33.58,5.07218435,-0.902964,0.84031936,upper,screening_selected_transition,deuteronomy,minor,transition_bucket_shape,accent_words
P5-6_A3_C0,P<=4_A3_C0,24,0.28571429,0.33534505,0.85200089,28.14,4.3254849,-0.957118,0.83632735,upper,screening_selected_transition,deuteronomy,minor,transition_bucket_shape,accent_words
P<=4_A3_C0,P5-6_A6-7_C0,24,0.01877934,0.02309105,0.81327358,29.452,4.37148897,-1.247172,0.90219561,upper,screening_selected_transition,deuteronomy,minor,transition_bucket_shape,accent_words
P<=4_A2_C0,P7-9_A6-7_C0,24,0.02888087,0.03594857,0.80339403,30.098,4.81817659,-1.265624,0.90818363,upper,screening_selected_transition,deuteronomy,minor,transition_bucket_shape,accent_words
P5-6_A5_C0,P<=4_A3_C0,93,0.3,0.33534505,0.89460094,104.19,7.79354725,-1.435803,0.93812375,upper,screening_selected_transition,deuteronomy,minor,transition_bucket_shape,accent_words
P<=4_A0-1_C0,P<=4_A2_C0,51,0.18214286,0.218053,0.8353146,60.698,6.53239162,-1.484602,0.94610778,upper,screening_selected_transition,deuteronomy,minor,transition_bucket_shape,accent_words
P<=4_A3_C0,P5-6_A4_C0,71,0.05555556,0.06559958,0.84688889,83.946,7.30519101,-1.772164,0.97005988,upper,screening_selected_transition,deuteronomy,minor,transition_bucket_shape,accent_words
P5-6_A4_C0,P<=4_A3_C0,68,0.272,0.33534505,0.81110485,83.038,7.21725249,-2.083618,0.98802395,upper,screening_selected_transition,deuteronomy,minor,transition_bucket_shape,accent_words
P<=4_A2_C0,P<=4_A0-1_C0,31,0.03730445,0.07347153,0.50774024,60.84,6.56510481,-4.545244,1.0,upper,screening_selected_transition,deuteronomy,minor,transition_bucket_shape,accent_words
P3_A2_C0,P3_A3_C0,58,0.34730539,0.24508003,1.41711011,41.52,5.55980421,2.964133,0.00598802,upper,screening_selected_transition,deuteronomy,minor,transition_exact_shape,accent_words
P5_A4_C0,P1_A1_C0,23,0.10697674,0.0621884,1.7202041,13.594,3.71763441,2.530104,0.01397206,upper,screening_selected_transition,deuteronomy,minor,transition_exact_shape,accent_words
P4_A4_C0,P1_A1_C0,35,0.08433735,0.0621884,1.35615881,25.566,4.4516602,2.119209,0.02994012,upper,screening_selected_transition,deuteronomy,minor,transition_exact_shape,accent_words
P3_A3_C0,P3_A3_C0,252,0.26980728,0.24508003,1.10089459,228.548,11.3366987,2.06868,0.02195609,upper,screening_selected_transition,deuteronomy,minor,transition_exact_shape,accent_words
P1_A1_C0,P4_A3_C0,30,0.12658228,0.09026502,1.4023403,21.482,4.20964586,2.023448,0.03193613,upper,screening_selected_transition,deuteronomy,minor,transition_exact_shape,accent_words
P2_A2_C0,P5_A3_C0,19,0.03059581,0.02099187,1.45750805,13.05,3.16156464,1.88198,0.03792415,upper,screening_selected_transition,deuteronomy,minor,transition_exact_shape,accent_words
P5_A5_C0,P5_A4_C0,17,0.08457711,0.05641564,1.49917853,11.274,3.31132205,1.729219,0.06986028,upper,screening_selected_transition,deuteronomy,minor,transition_exact_shape,accent_words
P3_A3_C0,P1_A1_C0,69,0.0738758,0.0621884,1.18793538,58.058,6.4106809,1.706839,0.05588822,upper,screening_selected_transition,deuteronomy,minor,transition_exact_shape,accent_words
P2_A2_C0,P2_A2_C0,112,0.18035427,0.16268696,1.10859696,101.296,7.94371382,1.347481,0.0998004,upper,screening_selected_transition,deuteronomy,minor,transition_exact_shape,accent_words
P4_A4_C0,P2_A2_C0,77,0.18554217,0.16268696,1.14048581,67.624,7.13417247,1.314238,0.10778443,upper,screening_selected_transition,deuteronomy,minor,transition_exact_shape,accent_words
P5_A5_C0,P2_A2_C0,39,0.19402985,0.16268696,1.19265768,32.96,5.00404646,1.207023,0.13972056,upper,screening_selected_transition,deuteronomy,minor,transition_exact_shape,accent_words
P6_A6_C0,P2_A2_C0,18,0.20454545,0.16268696,1.25729472,14.228,3.44612355,1.094563,0.18163673,upper,screening_selected_transition,deuteronomy,minor,transition_exact_shape,accent_words
P4_A3_C0,P4_A3_C0,36,0.10465116,0.09026502,1.15937669,31.022,4.82369693,1.031989,0.18163673,upper,screening_selected_transition,deuteronomy,minor,transition_exact_shape,accent_words
P4_A3_C0,P3_A2_C0,19,0.05523256,0.04408292,1.25292428,15.458,3.52833307,1.003873,0.17165669,upper,screening_selected_transition,deuteronomy,minor,transition_exact_shape,accent_words
P5_A5_C0,P4_A3_C0,22,0.10945274,0.09026502,1.21257087,18.184,4.02921993,0.947082,0.19760479,upper,screening_selected_transition,deuteronomy,minor,transition_exact_shape,accent_words
P2_A2_C0,P3_A3_C0,161,0.25925926,0.24508003,1.0578555,152.108,10.02243655,0.887209,0.19760479,upper,screening_selected_transition,deuteronomy,minor,transition_exact_shape,accent_words
P1_A1_C0,P3_A3_C0,63,0.26582278,0.24508003,1.08463665,58.164,6.33382496,0.76352,0.25349301,upper,screening_selected_transition,deuteronomy,minor,transition_exact_shape,accent_words
P4_A3_C0,P1_A1_C0,24,0.06976744,0.0621884,1.12187224,21.29,4.0992081,0.661103,0.29540918,upper,screening_selected_transition,deuteronomy,minor,transition_exact_shape,accent_words
P2_A2_C0,P6_A5_C0,20,0.03220612,0.02860142,1.12603229,17.706,3.71094411,0.618172,0.3253493,upper,screening_selected_transition,deuteronomy,minor,transition_exact_shape,accent_words
P4_A4_C0,P4_A4_C0,48,0.11566265,0.1088953,1.06214545,44.99,5.61649268,0.535922,0.33333333,upper,screening_selected_transition,deuteronomy,minor,transition_exact_shape,accent_words
P2_A2_C0,P4_A3_C0,59,0.09500805,0.09026502,1.05254559,56.028,6.63137741,0.448172,0.33732535,upper,screening_selected_transition,deuteronomy,minor,transition_exact_shape,accent_words
P3_A3_C0,P3_A2_C0,43,0.04603854,0.04408292,1.04436245,41.158,5.42290067,0.339671,0.39321357,upper,screening_selected_transition,deuteronomy,minor,transition_exact_shape,accent_words
P6_A5_C0,P2_A2_C0,19,0.17431193,0.16268696,1.07145605,17.866,3.89285919,0.291303,0.41516966,upper,screening_selected_transition,deuteronomy,minor,transition_exact_shape,accent_words
P5_A5_C0,P4_A4_C0,23,0.11442786,0.1088953,1.05080621,21.834,4.33266523,0.269118,0.43512974,upper,screening_selected_transition,deuteronomy,minor,transition_exact_shape,accent_words
P3_A3_C0,P2_A2_C0,154,0.16488223,0.16268696,1.01349382,151.612,9.7041123,0.246081,0.44111776,upper,screening_selected_transition,deuteronomy,minor,transition_exact_shape,accent_words
P3_A3_C0,P5_A5_C0,50,0.05353319,0.05274206,1.01499995,49.458,5.98564047,0.09055,0.47904192,upper,screening_selected_transition,deuteronomy,minor,transition_exact_shape,accent_words
P5_A4_C0,P3_A3_C0,52,0.24186047,0.24508003,0.9868632,52.312,6.25755303,-0.04986,0.55688623,upper,screening_selected_transition,deuteronomy,minor,transition_exact_shape,accent_words
P4_A4_C0,P3_A3_C0,101,0.24337349,0.24508003,0.99303682,101.506,8.07790003,-0.06264,0.54690619,upper,screening_selected_transition,deuteronomy,minor,transition_exact_shape,accent_words
P4_A4_C0,P3_A2_C0,18,0.04337349,0.04408292,0.98390706,18.414,4.16188016,-0.099474,0.58483034,upper,screening_selected_transition,deuteronomy,minor,transition_exact_shape,accent_words
P3_A3_C0,P6_A5_C0,26,0.02783726,0.02860142,0.97328252,26.936,4.41166971,-0.212165,0.5988024,upper,screening_selected_transition,deuteronomy,minor,transition_exact_shape,accent_words
P2_A2_C0,P4_A4_C0,66,0.10628019,0.1088953,0.9759851,67.962,7.21753015,-0.271838,0.62075848,upper,screening_selected_transition,deuteronomy,minor,transition_exact_shape,accent_words
P5_A4_C0,P4_A4_C0,22,0.10232558,0.1088953,0.93966938,23.364,4.61498648,-0.295559,0.64271457,upper,screening_selected_transition,deuteronomy,minor,transition_exact_shape,accent_words
P3_A3_C0,P4_A4_C0,99,0.10599572,0.1088953,0.97337272,101.394,7.90922725,-0.302684,0.66067864,upper,screening_selected_transition,deuteronomy,minor,transition_exact_shape,accent_words
P4_A4_C0,P4_A3_C0,36,0.08674699,0.09026502,0.9610255,37.796,5.50918199,-0.326001,0.65469062,upper,screening_selected_transition,deuteronomy,minor,transition_exact_shape,accent_words
P2_A2_C0,P5_A4_C0,33,0.0531401,0.05641564,0.94193911,35.118,5.21214052,-0.406359,0.67664671,upper,screening_selected_transition,deuteronomy,minor,transition_exact_shape,accent_words
P5_A4_C0,P2_A2_C0,33,0.15348837,0.16268696,0.94345836,35.346,5.36169559,-0.437548,0.68463074,upper,screening_selected_transition,deuteronomy,minor,transition_exact_shape,accent_words
P1_A1_C0,P4_A4_C0,23,0.09704641,0.1088953,0.89119008,25.466,4.71564615,-0.52294,0.71856287,upper,screening_selected_transition,deuteronomy,minor,transition_exact_shape,accent_words
P4_A3_C0,P3_A3_C0,79,0.22965116,0.24508003,0.93704559,83.996,7.59864876,-0.657485,0.75848303,upper,screening_selected_transition,deuteronomy,minor,transition_exact_shape,accent_words
P4_A3_C0,P4_A4_C0,34,0.09883721,0.1088953,0.90763519,37.732,5.40542443,-0.690418,0.78043912,upper,screening_selected_transition,deuteronomy,minor,transition_exact_shape,accent_words
P2_A2_C0,P5_A5_C0,28,0.04508857,0.05274206,0.8548882,32.596,5.21912469,-0.880607,0.84830339,upper,screening_selected_transition,deuteronomy,minor,transition_exact_shape,accent_words
P2_A2_C0,P3_A2_C0,23,0.03703704,0.04408292,0.84016755,27.06,4.58458688,-0.885576,0.84031936,upper,screening_selected_transition,deuteronomy,minor,transition_exact_shape,accent_words
P3_A3_C0,P5_A4_C0,47,0.0503212,0.05641564,0.89197251,52.832,6.22392565,-0.937029,0.84431138,upper,screening_selected_transition,deuteronomy,minor,transition_exact_shape,accent_words
P4_A4_C0,P5_A4_C0,19,0.04578313,0.05641564,0.81153264,23.196,4.29820114,-0.976222,0.86227545,upper,screening_selected_transition,deuteronomy,minor,transition_exact_shape,accent_words
P1_A1_C0,P2_A2_C0,33,0.13924051,0.16268696,0.85587995,38.362,5.4613743,-0.981804,0.86427146,upper,screening_selected_transition,deuteronomy,minor,transition_exact_shape,accent_words
P6_A5_C0,P3_A3_C0,22,0.20183486,0.24508003,0.82354675,26.376,4.33176088,-1.010213,0.8762475,upper,screening_selected_transition,deuteronomy,minor,transition_exact_shape,accent_words
P3_A3_C0,P4_A3_C0,75,0.08029979,0.09026502,0.88960024,84.386,7.4136988,-1.266035,0.91017964,upper,screening_selected_transition,deuteronomy,minor,transition_exact_shape,accent_words
P4_A3_C0,P2_A2_C0,46,0.13372093,0.16268696,0.82195236,56.386,6.64419255,-1.56317,0.95808383,upper,screening_selected_transition,deuteronomy,minor,transition_exact_shape,accent_words
P3_A2_C0,P2_A2_C0,18,0.10778443,0.16268696,0.66252656,27.368,4.61119314,-2.031578,0.98802395,upper,screening_selected_transition,deuteronomy,minor,transition_exact_shape,accent_words
P5_A5_C0,P3_A3_C0,37,0.1840796,0.24508003,0.75109996,49.634,5.78333277,-2.184554,0.99001996,upper,screening_selected_transition,deuteronomy,minor,transition_exact_shape,accent_words
P2_A2_C0,P1_A1_C0,20,0.03220612,0.0621884,0.51787983,38.47,5.32746316,-3.466941,1.0,upper,screening_selected_transition,deuteronomy,minor,transition_exact_shape,accent_words
P<=4_A3_C0,P<=4_A3_C0,31,0.15656566,0.10639441,1.47155902,20.824,4.11520276,2.472782,0.01596806,upper,screening_selected_transition,deuteronomy,major,transition_bucket_shape,accent_words
P13-15_A8+_C2,P7-9_A6-7_C1,13,0.203125,0.10531972,1.92865115,6.858,2.52320612,2.434205,0.02195609,upper,screening_selected_transition,deuteronomy,major,transition_bucket_shape,accent_words
P10-12_A8+_C2,P10-12_A8+_C1,12,0.09022556,0.05051048,1.7862742,6.88,2.35641792,2.172789,0.03792415,upper,screening_selected_transition,deuteronomy,major,transition_bucket_shape,accent_words
P<=4_A2_C0,P10-12_A8+_C2,11,0.12222222,0.07092961,1.72314815,6.22,2.29218416,2.085347,0.0499002,upper,screening_selected_transition,deuteronomy,major,transition_bucket_shape,accent_words
P5-6_A5_C1,P5-6_A6-7_C1,12,0.08695652,0.0483611,1.79806763,6.654,2.57751259,2.074093,0.04391218,upper,screening_selected_transition,deuteronomy,major,transition_bucket_shape,accent_words
P<=4_A2_C0,P5-6_A6-7_C1,8,0.08888889,0.0483611,1.83802469,4.296,1.92244,1.926718,0.04590818,upper,screening_selected_transition,deuteronomy,major,transition_bucket_shape,accent_words
P<=4_A3_C0,P7-9_A6-7_C2,9,0.04545455,0.02632993,1.72634508,5.176,2.06532204,1.851527,0.07185629,upper,screening_selected_transition,deuteronomy,major,transition_bucket_shape,accent_words
P5-6_A6-7_C1,P5-6_A6-7_C1,8,0.08888889,0.0483611,1.83802469,4.348,2.00372799,1.822603,0.06387226,upper,screening_selected_transition,deuteronomy,major,transition_bucket_shape,accent_words
P10-12_A8+_C2,P13-15_A8+_C2,8,0.06015038,0.03439011,1.74906015,4.602,2.02875027,1.674923,0.08782435,upper,screening_selected_transition,deuteronomy,major,transition_bucket_shape,accent_words
P5-6_A5_C1,P<=4_A4_C0,10,0.07246377,0.04889844,1.48192387,6.698,2.36685445,1.395101,0.12774451,upper,screening_selected_transition,deuteronomy,major,transition_bucket_shape,accent_words
P<=4_A4_C1,P<=4_A3_C0,7,0.17073171,0.10639441,1.60470559,4.258,1.96854931,1.392904,0.14171657,upper,screening_selected_transition,deuteronomy,major,transition_bucket_shape,accent_words
P5-6_A6-7_C1,P<=4_A3_C0,13,0.14444444,0.10639441,1.35763187,9.462,2.88881403,1.224724,0.16367265,upper,screening_selected_transition,deuteronomy,major,transition_bucket_shape,accent_words
P10-12_A8+_C2,P7-9_A8+_C1,8,0.06015038,0.0424503,1.41696012,5.584,2.16247465,1.117239,0.19560878,upper,screening_selected_transition,deuteronomy,major,transition_bucket_shape,accent_words
P10-12_A8+_C1,P<=4_A3_C0,13,0.13829787,0.10639441,1.29986031,10.026,2.89310631,1.027961,0.19760479,upper,screening_selected_transition,deuteronomy,major,transition_bucket_shape,accent_words
P5-6_A5_C1,P5-6_A5_C0,8,0.05797101,0.04083826,1.41952708,5.718,2.22809443,1.024194,0.20958084,upper,screening_selected_transition,deuteronomy,major,transition_bucket_shape,accent_words
P<=4_A3_C0,P10-12_A8+_C1,13,0.06565657,0.05051048,1.29986031,10.176,2.95473941,0.955753,0.20958084,upper,screening_selected_transition,deuteronomy,major,transition_bucket_shape,accent_words
P<=4_A3_C0,P10-12_A8+_C2,17,0.08585859,0.07092961,1.21047597,14.106,3.43487419,0.842534,0.24351297,upper,screening_selected_transition,deuteronomy,major,transition_bucket_shape,accent_words
P7-9_A6-7_C1,P7-9_A6-7_C2,7,0.03571429,0.02632993,1.35641399,5.22,2.18933469,0.813032,0.25948104,upper,screening_selected_transition,deuteronomy,major,transition_bucket_shape,accent_words
P10-12_A8+_C2,P10-12_A8+_C2,11,0.08270677,0.07092961,1.1660401,9.166,2.77666414,0.660505,0.31536926,upper,screening_selected_transition,deuteronomy,major,transition_bucket_shape,accent_words
P5-6_A5_C1,P5-6_A5_C1,12,0.08695652,0.07469103,1.16421645,10.256,2.96581458,0.588034,0.31736527,upper,screening_selected_transition,deuteronomy,major,transition_bucket_shape,accent_words
P<=4_A4_C0,P10-12_A8+_C2,8,0.08791209,0.07092961,1.23942724,6.71,2.46943236,0.522387,0.35329341,upper,screening_selected_transition,deuteronomy,major,transition_bucket_shape,accent_words
P5-6_A5_C1,P10-12_A8+_C1,8,0.05797101,0.05051048,1.14770274,7.014,2.46697709,0.399679,0.39520958,upper,screening_selected_transition,deuteronomy,major,transition_bucket_shape,accent_words
P7-9_A6-7_C1,P10-12_A8+_C1,11,0.05612245,0.05051048,1.11110508,9.898,2.85655664,0.385779,0.41716567,upper,screening_selected_transition,deuteronomy,major,transition_bucket_shape,accent_words
P10-12_A8+_C1,P7-9_A6-7_C1,11,0.11702128,0.10531972,1.11110508,9.994,3.0490256,0.329941,0.41516966,upper,screening_selected_transition,deuteronomy,major,transition_bucket_shape,accent_words
P<=4_A3_C0,P5-6_A5_C1,16,0.08080808,0.07469103,1.08189812,14.852,3.48746625,0.329179,0.42714571,upper,screening_selected_transition,deuteronomy,major,transition_bucket_shape,accent_words
P5-6_A5_C1,P<=4_A3_C0,16,0.11594203,0.10639441,1.08973796,15.016,3.4692673,0.283633,0.40918164,upper,screening_selected_transition,deuteronomy,major,transition_bucket_shape,accent_words
P7-9_A6-7_C1,P<=4_A2_C0,10,0.05102041,0.0483611,1.05498866,9.434,2.85691581,0.198116,0.49500998,upper,screening_selected_transition,deuteronomy,major,transition_bucket_shape,accent_words
P7-9_A8+_C1,P<=4_A3_C0,9,0.11392405,0.10639441,1.070771,8.486,2.61753835,0.196368,0.47105788,upper,screening_selected_transition,deuteronomy,major,transition_bucket_shape,accent_words
P<=4_A4_C0,P7-9_A6-7_C1,10,0.10989011,0.10531972,1.04339538,9.544,3.04805599,0.149604,0.4510978,upper,screening_selected_transition,deuteronomy,major,transition_bucket_shape,accent_words
P<=4_A4_C0,P5-6_A5_C1,7,0.07692308,0.07469103,1.02988379,6.646,2.40087743,0.147446,0.52095808,upper,screening_selected_transition,deuteronomy,major,transition_bucket_shape,accent_words
P7-9_A6-7_C1,P<=4_A4_C0,10,0.05102041,0.04889844,1.04339538,9.62,2.80344763,0.135547,0.50499002,upper,screening_selected_transition,deuteronomy,major,transition_bucket_shape,accent_words
P<=4_A2_C0,P<=4_A3_C0,10,0.11111111,0.10639441,1.04433221,9.694,2.76254,0.110768,0.50698603,upper,screening_selected_transition,deuteronomy,major,transition_bucket_shape,accent_words
P<=4_A4_C0,P<=4_A3_C0,10,0.10989011,0.10639441,1.03285603,9.848,3.07437792,0.049441,0.50499002,upper,screening_selected_transition,deuteronomy,major,transition_bucket_shape,accent_words
P7-9_A6-7_C1,P5-6_A5_C0,8,0.04081633,0.04083826,0.99946294,7.888,2.42222839,0.046238,0.56686627,upper,screening_selected_transition,deuteronomy,major,transition_bucket_shape,accent_words
P10-12_A8+_C2,P5-6_A5_C1,10,0.07518797,0.07469103,1.00665332,9.884,3.12635446,0.037104,0.53293413,upper,screening_selected_transition,deuteronomy,major,transition_bucket_shape,accent_words
P7-9_A6-7_C1,P7-9_A8+_C1,8,0.04081633,0.0424503,0.96150865,8.208,2.56395861,-0.081125,0.60479042,upper,screening_selected_transition,deuteronomy,major,transition_bucket_shape,accent_words
P7-9_A6-7_C1,P7-9_A6-7_C1,20,0.10204082,0.10531972,0.96886714,20.63,4.07557611,-0.154579,0.63273453,upper,screening_selected_transition,deuteronomy,major,transition_bucket_shape,accent_words
P7-9_A8+_C1,P7-9_A6-7_C1,8,0.10126582,0.10531972,0.96150865,8.422,2.63016188,-0.160446,0.62674651,upper,screening_selected_transition,deuteronomy,major,transition_bucket_shape,accent_words
P7-9_A6-7_C1,P5-6_A6-7_C1,9,0.04591837,0.0483611,0.9494898,9.46,2.83698731,-0.162144,0.61676647,upper,screening_selected_transition,deuteronomy,major,transition_bucket_shape,accent_words
P5-6_A6-7_C1,P7-9_A6-7_C1,9,0.1,0.10531972,0.9494898,9.464,2.83138437,-0.163877,0.61077844,upper,screening_selected_transition,deuteronomy,major,transition_bucket_shape,accent_words
P<=4_A3_C0,P<=4_A2_C0,9,0.04545455,0.0483611,0.93989899,9.61,2.8195389,-0.216347,0.64071856,upper,screening_selected_transition,deuteronomy,major,transition_bucket_shape,accent_words
P7-9_A6-7_C1,P10-12_A8+_C2,13,0.06632653,0.07092961,0.93510359,14.13,3.44628114,-0.32789,0.69660679,upper,screening_selected_transition,deuteronomy,major,transition_bucket_shape,accent_words
P7-9_A6-7_C1,P5-6_A5_C1,12,0.06122449,0.07469103,0.81970342,14.372,3.42477359,-0.692601,0.8003992,upper,screening_selected_transition,deuteronomy,major,transition_bucket_shape,accent_words
P5-6_A5_C1,P7-9_A6-7_C1,12,0.08695652,0.10531972,0.8256433,14.468,3.5397791,-0.697219,0.78443114,upper,screening_selected_transition,deuteronomy,major,transition_bucket_shape,accent_words
P<=4_A2_C0,P7-9_A6-7_C1,7,0.07777778,0.10531972,0.73849206,9.386,2.91513293,-0.818488,0.8502994,upper,screening_selected_transition,deuteronomy,major,transition_bucket_shape,accent_words
P10-12_A8+_C2,P7-9_A6-7_C1,11,0.08270677,0.10531972,0.78529231,13.966,3.49073265,-0.849678,0.85229541,upper,screening_selected_transition,deuteronomy,major,transition_bucket_shape,accent_words
P<=4_A3_C0,P<=4_A4_C0,7,0.03535354,0.04889844,0.72299922,9.57,2.82365828,-0.910167,0.87225549,upper,screening_selected_transition,deuteronomy,major,transition_bucket_shape,accent_words
P7-9_A6-7_C1,P<=4_A3_C0,17,0.08673469,0.10639441,0.81521851,20.952,4.28934645,-0.921352,0.85429142,upper,screening_selected_transition,deuteronomy,major,transition_bucket_shape,accent_words
P<=4_A3_C0,P7-9_A6-7_C1,16,0.08080808,0.10531972,0.76726448,20.742,3.96874513,-1.194836,0.91417166,upper,screening_selected_transition,deuteronomy,major,transition_bucket_shape,accent_words
P10-12_A8+_C2,P<=4_A3_C0,9,0.06766917,0.10639441,0.63602187,14.202,3.42412694,-1.519219,0.96606786,upper,screening_selected_transition,deuteronomy,major,transition_bucket_shape,accent_words
P3_A3_C0,P3_A3_C0,20,0.14705882,0.07307899,2.01232699,9.906,2.98042444,3.386766,0.00998004,upper,screening_selected_transition,deuteronomy,major,transition_exact_shape,accent_words
P4_A4_C1,P4_A3_C0,5,0.12195122,0.03331542,3.66050354,1.368,1.16244508,3.124449,0.01596806,upper,screening_selected_transition,deuteronomy,major,transition_exact_shape,accent_words
P5_A5_C1,P6_A6_C1,10,0.12345679,0.0483611,2.55281207,3.904,1.9754972,3.085805,0.00598802,upper,screening_selected_transition,deuteronomy,major,transition_exact_shape,accent_words
P7_A7_C1,P4_A4_C0,7,0.13461538,0.04889844,2.75295858,2.522,1.54605841,2.896398,0.01397206,upper,screening_selected_transition,deuteronomy,major,transition_exact_shape,accent_words
P4_A4_C1,P4_A4_C0,5,0.12195122,0.04889844,2.49396945,1.948,1.31024023,2.329344,0.03792415,upper,screening_selected_transition,deuteronomy,major,transition_exact_shape,accent_words
P6_A6_C1,P6_A6_C1,8,0.08888889,0.0483611,1.83802469,4.348,2.00372799,1.822603,0.06387226,upper,screening_selected_transition,deuteronomy,major,transition_exact_shape,accent_words
P5_A5_C1,P4_A4_C0,7,0.08641975,0.04889844,1.76733143,3.902,1.80635596,1.715055,0.08982036,upper,screening_selected_transition,deuteronomy,major,transition_exact_shape,accent_words
P7_A7_C1,P6_A6_C1,5,0.09615385,0.0483611,1.98824786,2.52,1.45665497,1.702531,0.09780439,upper,screening_selected_transition,deuteronomy,major,transition_exact_shape,accent_words
P2_A2_C0,P2_A2_C0,5,0.07042254,0.03815153,1.84586392,2.622,1.48577625,1.60051,0.11177645,upper,screening_selected_transition,deuteronomy,major,transition_exact_shape,accent_words
P3_A3_C0,P8_A8_C1,5,0.03676471,0.01880709,1.95483193,2.592,1.55253236,1.551014,0.10578842,upper,screening_selected_transition,deuteronomy,major,transition_exact_shape,accent_words
P2_A2_C0,P6_A6_C1,6,0.08450704,0.0483611,1.74741784,3.37,1.72831541,1.521713,0.09580838,upper,screening_selected_transition,deuteronomy,major,transition_exact_shape,accent_words
P6_A6_C1,P4_A3_C0,5,0.05555556,0.03331542,1.66756272,2.89,1.69931614,1.241676,0.16367265,upper,screening_selected_transition,deuteronomy,major,transition_exact_shape,accent_words
P3_A3_C0,P6_A5_C1,6,0.04411765,0.03116604,1.41556795,4.232,1.96721016,0.898735,0.24750499,upper,screening_selected_transition,deuteronomy,major,transition_exact_shape,accent_words
P4_A3_C0,P3_A3_C0,6,0.09677419,0.07307899,1.32424099,4.32,1.97316669,0.851423,0.27345309,upper,screening_selected_transition,deuteronomy,major,transition_exact_shape,accent_words
P7_A7_C1,P3_A3_C0,5,0.09615385,0.07307899,1.31575226,3.828,1.82896315,0.6408,0.35129741,upper,screening_selected_transition,deuteronomy,major,transition_exact_shape,accent_words
P6_A6_C1,P3_A3_C0,8,0.08888889,0.07307899,1.21633987,6.572,2.43076804,0.587469,0.34331337,upper,screening_selected_transition,deuteronomy,major,transition_exact_shape,accent_words
P4_A4_C0,P5_A5_C1,5,0.05494505,0.04352499,1.2623796,3.95,1.92949369,0.544184,0.35329341,upper,screening_selected_transition,deuteronomy,major,transition_exact_shape,accent_words
P4_A4_C0,P3_A3_C0,8,0.08791209,0.07307899,1.2029735,6.706,2.51479868,0.514554,0.36526946,upper,screening_selected_transition,deuteronomy,major,transition_exact_shape,accent_words
P5_A5_C1,P3_A3_C0,7,0.08641975,0.07307899,1.18255265,6.042,2.43312066,0.393733,0.38922156,upper,screening_selected_transition,deuteronomy,major,transition_exact_shape,accent_words
P3_A3_C0,P5_A5_C1,7,0.05147059,0.04352499,1.18255265,6.09,2.31789674,0.392597,0.42914172,upper,screening_selected_transition,deuteronomy,major,transition_exact_shape,accent_words
P6_A6_C1,P4_A4_C0,5,0.05555556,0.04889844,1.13614164,4.508,2.03524457,0.24174,0.48103792,upper,screening_selected_transition,deuteronomy,major,transition_exact_shape,accent_words
P3_A3_C0,P4_A4_C0,5,0.03676471,0.04889844,0.75185844,6.478,2.29696934,-0.643457,0.80239521,upper,screening_selected_transition,deuteronomy,major,transition_exact_shape,accent_words
P10-12_A8+_C2,P7-9_A6-7_C0,8,0.14285714,0.03777545,3.78174603,2.018,1.39483588,4.288677,0.00199601,upper,screening_selected_transition,deuteronomy,verse,transition_bucket_shape,accent_words
P13-15_A8+_C1,P25+_A8+_C4+,7,0.14893617,0.04407135,3.37943262,2.068,1.37227631,3.594028,0.00399202,upper,screening_selected_transition,deuteronomy,verse,transition_bucket_shape,accent_words
P10-12_A8+_C1,P10-12_A8+_C0,6,0.06382979,0.02518363,2.53457447,2.376,1.43343415,2.528194,0.02994012,upper,screening_selected_transition,deuteronomy,verse,transition_bucket_shape,accent_words
P19-24_A8+_C2,P19-24_A8+_C2,5,0.11111111,0.04616999,2.40656566,2.06,1.33264845,2.206133,0.06187625,upper,screening_selected_transition,deuteronomy,verse,transition_bucket_shape,accent_words
P13-15_A8+_C2,P10-12_A8+_C2,9,0.1125,0.05981112,1.88092105,4.7,1.95079759,2.204227,0.02994012,upper,screening_selected_transition,deuteronomy,verse,transition_bucket_shape,accent_words
P7-9_A6-7_C1,P13-15_A8+_C2,5,0.2,0.08394544,2.3825,2.036,1.37056956,2.162605,0.04590818,upper,screening_selected_transition,deuteronomy,verse,transition_bucket_shape,accent_words
P16-18_A8+_C2,P10-12_A8+_C1,10,0.17241379,0.09863589,1.74798239,5.588,2.15116504,2.050982,0.04590818,upper,screening_selected_transition,deuteronomy,verse,transition_bucket_shape,accent_words
P19-24_A8+_C4+,P16-18_A8+_C2,9,0.10588235,0.06086044,1.73975659,5.104,2.10476699,1.851036,0.05788423,upper,screening_selected_transition,deuteronomy,verse,transition_bucket_shape,accent_words
P10-12_A8+_C1,P13-15_A8+_C1,8,0.08510638,0.04931794,1.72566772,4.636,1.83145091,1.836795,0.07185629,upper,screening_selected_transition,deuteronomy,verse,transition_bucket_shape,accent_words
P16-18_A8+_C2,P19-24_A8+_C3,8,0.13793103,0.07450157,1.85138417,4.376,1.98759278,1.823311,0.0738523,upper,screening_selected_transition,deuteronomy,verse,transition_bucket_shape,accent_words
P19-24_A8+_C4+,P19-24_A8+_C4+,12,0.14117647,0.08919203,1.58283737,7.554,2.46886098,1.80083,0.05389222,upper,screening_selected_transition,deuteronomy,verse,transition_bucket_shape,accent_words
P10-12_A8+_C1,P7-9_A8+_C1,6,0.06382979,0.03462749,1.84332689,3.124,1.62416126,1.77076,0.08383234,upper,screening_selected_transition,deuteronomy,verse,transition_bucket_shape,accent_words
P13-15_A8+_C2,P19-24_A8+_C4+,11,0.1375,0.08919203,1.54161765,7.31,2.39109487,1.543226,0.09580838,upper,screening_selected_transition,deuteronomy,verse,transition_bucket_shape,accent_words
P7-9_A8+_C1,P13-15_A8+_C2,5,0.15151515,0.08394544,1.80492424,2.778,1.4645839,1.517154,0.11576846,upper,screening_selected_transition,deuteronomy,verse,transition_bucket_shape,accent_words
P16-18_A8+_C3,P19-24_A8+_C3,6,0.13043478,0.07450157,1.75076546,3.472,1.69793462,1.488868,0.12774451,upper,screening_selected_transition,deuteronomy,verse,transition_bucket_shape,accent_words
P10-12_A8+_C2,P16-18_A8+_C2,6,0.10714286,0.06086044,1.76046798,3.378,1.81596019,1.443864,0.12974052,upper,screening_selected_transition,deuteronomy,verse,transition_bucket_shape,accent_words
P19-24_A8+_C3,P7-9_A6-7_C0,5,0.07042254,0.03777545,1.864241,2.734,1.60511582,1.411736,0.12774451,upper,screening_selected_transition,deuteronomy,verse,transition_bucket_shape,accent_words
P10-12_A8+_C1,P19-24_A8+_C2,7,0.07446809,0.04616999,1.61291103,4.378,1.911655,1.371586,0.14371257,upper,screening_selected_transition,deuteronomy,verse,transition_bucket_shape,accent_words
P13-15_A8+_C2,P13-15_A8+_C2,10,0.125,0.08394544,1.4890625,6.702,2.47334406,1.333417,0.13972056,upper,screening_selected_transition,deuteronomy,verse,transition_bucket_shape,accent_words
P10-12_A8+_C1,P13-15_A8+_C2,11,0.11702128,0.08394544,1.39401596,7.882,2.41489948,1.291151,0.15568862,upper,screening_selected_transition,deuteronomy,verse,transition_bucket_shape,accent_words
P16-18_A8+_C3,P10-12_A8+_C1,7,0.15217391,0.09863589,1.54278446,4.462,2.01511224,1.259483,0.15768463,upper,screening_selected_transition,deuteronomy,verse,transition_bucket_shape,accent_words
P13-15_A8+_C3,P19-24_A8+_C4+,5,0.13513514,0.08919203,1.51510334,3.156,1.65442989,1.114583,0.19760479,upper,screening_selected_transition,deuteronomy,verse,transition_bucket_shape,accent_words
P7-9_A8+_C1,P10-12_A8+_C1,5,0.15151515,0.09863589,1.53610574,3.168,1.67253423,1.095344,0.19560878,upper,screening_selected_transition,deuteronomy,verse,transition_bucket_shape,accent_words
P19-24_A8+_C4+,P16-18_A8+_C3,6,0.07058824,0.04826863,1.46240409,3.948,1.92995997,1.063234,0.19161677,upper,screening_selected_transition,deuteronomy,verse,transition_bucket_shape,accent_words
P10-12_A8+_C2,P10-12_A8+_C2,5,0.08928571,0.05981112,1.49279449,3.358,1.84190696,0.891467,0.24151697,upper,screening_selected_transition,deuteronomy,verse,transition_bucket_shape,accent_words
P19-24_A8+_C3,P10-12_A8+_C1,9,0.12676056,0.09863589,1.28513635,6.984,2.41897641,0.83341,0.26347305,upper,screening_selected_transition,deuteronomy,verse,transition_bucket_shape,accent_words
P13-15_A8+_C1,P19-24_A8+_C3,5,0.10638298,0.07450157,1.42792928,3.488,1.86354544,0.811357,0.27345309,upper,screening_selected_transition,deuteronomy,verse,transition_bucket_shape,accent_words
P19-24_A8+_C4+,P19-24_A8+_C3,8,0.09411765,0.07450157,1.26329743,6.24,2.21635386,0.794097,0.26746507,upper,screening_selected_transition,deuteronomy,verse,transition_bucket_shape,accent_words
P10-12_A8+_C1,P16-18_A8+_C3,6,0.06382979,0.04826863,1.32238668,4.478,1.9372718,0.785641,0.30538922,upper,screening_selected_transition,deuteronomy,verse,transition_bucket_shape,accent_words
P19-24_A8+_C4+,P13-15_A8+_C2,9,0.10588235,0.08394544,1.26132353,7.16,2.41621112,0.761523,0.26546906,upper,screening_selected_transition,deuteronomy,verse,transition_bucket_shape,accent_words
P16-18_A8+_C2,P13-15_A8+_C2,6,0.10344828,0.08394544,1.23232759,4.63,2.01425282,0.680153,0.30538922,upper,screening_selected_transition,deuteronomy,verse,transition_bucket_shape,accent_words
P19-24_A8+_C4+,P25+_A8+_C4+,5,0.05882353,0.04407135,1.33473389,3.844,1.73945837,0.664575,0.32934132,upper,screening_selected_transition,deuteronomy,verse,transition_bucket_shape,accent_words
P13-15_A8+_C1,P13-15_A8+_C2,5,0.10638298,0.08394544,1.26728723,3.86,1.85020174,0.616149,0.34730539,upper,screening_selected_transition,deuteronomy,verse,transition_bucket_shape,accent_words
P19-24_A8+_C2,P19-24_A8+_C4+,5,0.11111111,0.08919203,1.24575163,3.94,1.85992436,0.569916,0.35528942,upper,screening_selected_transition,deuteronomy,verse,transition_bucket_shape,accent_words
P19-24_A8+_C3,P13-15_A8+_C2,7,0.09859155,0.08394544,1.17447183,6.048,2.14917051,0.442962,0.39121756,upper,screening_selected_transition,deuteronomy,verse,transition_bucket_shape,accent_words
P10-12_A8+_C1,P25+_A8+_C4+,5,0.05319149,0.04407135,1.20694022,4.192,1.91061165,0.422901,0.40319361,upper,screening_selected_transition,deuteronomy,verse,transition_bucket_shape,accent_words
P19-24_A8+_C4+,P13-15_A8+_C1,5,0.05882353,0.04931794,1.19274093,4.204,1.96929944,0.404205,0.43113772,upper,screening_selected_transition,deuteronomy,verse,transition_bucket_shape,accent_words
P10-12_A8+_C2,P19-24_A8+_C4+,6,0.10714286,0.08919203,1.2012605,5.142,2.21351198,0.387619,0.42315369,upper,screening_selected_transition,deuteronomy,verse,transition_bucket_shape,accent_words
P19-24_A8+_C2,P10-12_A8+_C1,5,0.11111111,0.09863589,1.12647754,4.424,1.93071991,0.298334,0.46107784,upper,screening_selected_transition,deuteronomy,verse,transition_bucket_shape,accent_words
P10-12_A8+_C1,P16-18_A8+_C2,6,0.06382979,0.06086044,1.04878944,5.472,2.19792578,0.240226,0.47904192,upper,screening_selected_transition,deuteronomy,verse,transition_bucket_shape,accent_words
P13-15_A8+_C2,P19-24_A8+_C3,6,0.075,0.07450157,1.00669014,5.884,2.11269282,0.054906,0.55489022,upper,screening_selected_transition,deuteronomy,verse,transition_bucket_shape,accent_words
P13-15_A8+_C2,P10-12_A8+_C1,8,0.1,0.09863589,1.01382979,7.928,2.39714593,0.030036,0.55888224,upper,screening_selected_transition,deuteronomy,verse,transition_bucket_shape,accent_words
P16-18_A8+_C2,P19-24_A8+_C4+,5,0.0862069,0.08919203,0.96653144,5.102,2.17002627,-0.047004,0.58283433,upper,screening_selected_transition,deuteronomy,verse,transition_bucket_shape,accent_words
P10-12_A8+_C2,P10-12_A8+_C1,5,0.08928571,0.09863589,0.90520517,5.808,2.27629062,-0.354963,0.69860279,upper,screening_selected_transition,deuteronomy,verse,transition_bucket_shape,accent_words
P10-12_A8+_C1,P10-12_A8+_C1,7,0.07446809,0.09863589,0.75497963,9.062,2.64729529,-0.778908,0.84031936,upper,screening_selected_transition,deuteronomy,verse,transition_bucket_shape,accent_words
P19-24_A8+_C4+,P10-12_A8+_C1,6,0.07058824,0.09863589,0.71564456,8.436,2.76716795,-0.880322,0.84630739,upper,screening_selected_transition,deuteronomy,verse,transition_bucket_shape,accent_words
P10-12_A8+_C1,P19-24_A8+_C4+,5,0.05319149,0.08919203,0.59637046,8.428,2.69208295,-1.273363,0.92814371,upper,screening_selected_transition,deuteronomy,verse,transition_bucket_shape,accent_words
