from_shape,to_shape,count,p_to_given_from,p_to_background,lift,book,level,shape_field,transition_accent_mode
P<=4_A3_C0,P<=4_A3_C0,330,0.27431421,0.26685892,1.02793722,exodus,minor,transition_bucket_shape,taam_events
P<=4_A2_C0,P<=4_A3_C0,247,0.33975241,0.26685892,1.27315366,exodus,minor,transition_bucket_shape,taam_events
P<=4_A3_C0,P<=4_A4_C0,236,0.19617623,0.19764862,0.99255042,exodus,minor,transition_bucket_shape,taam_events
P<=4_A3_C0,P<=4_A2_C0,206,0.17123857,0.16126886,1.06182046,exodus,minor,transition_bucket_shape,taam_events
P<=4_A4_C0,P<=4_A3_C0,206,0.2312009,0.26685892,0.86637876,exodus,minor,transition_bucket_shape,taam_events
P<=4_A4_C0,P<=4_A4_C0,173,0.19416386,0.19764862,0.98236889,exodus,minor,transition_bucket_shape,taam_events
P<=4_A2_C0,P<=4_A4_C0,169,0.23246217,0.19764862,1.17613858,exodus,minor,transition_bucket_shape,taam_events
P<=4_A4_C0,P<=4_A2_C0,152,0.17059484,0.16126886,1.05782878,exodus,minor,transition_bucket_shape,taam_events
P5-6_A5_C0,P<=4_A3_C0,90,0.27272727,0.26685892,1.02199048,exodus,minor,transition_bucket_shape,taam_events
P<=4_A2_C0,P<=4_A2_C0,85,0.11691884,0.16126886,0.72499333,exodus,minor,transition_bucket_shape,taam_events
P<=4_A3_C0,P5-6_A5_C0,85,0.07065669,0.07342502,0.96229718,exodus,minor,transition_bucket_shape,taam_events
P<=4_A0-1_C0,P<=4_A3_C0,83,0.32046332,0.26685892,1.20087169,exodus,minor,transition_bucket_shape,taam_events
P<=4_A3_C0,P<=4_A0-1_C0,78,0.06483791,0.05723159,1.13290417,exodus,minor,transition_bucket_shape,taam_events
P<=4_A3_C0,P5-6_A6-7_C0,67,0.0556941,0.05479148,1.01647366,exodus,minor,transition_bucket_shape,taam_events
P<=4_A3_C0,P<=4_A5_C0,66,0.05486284,0.04591837,1.1947908,exodus,minor,transition_bucket_shape,taam_events
P<=4_A4_C0,P5-6_A5_C0,66,0.07407407,0.07342502,1.00883966,exodus,minor,transition_bucket_shape,taam_events
P<=4_A4_C0,P<=4_A0-1_C0,60,0.06734007,0.05723159,1.17662412,exodus,minor,transition_bucket_shape,taam_events
P5-6_A4_C0,P<=4_A4_C0,60,0.24489796,0.19764862,1.23905724,exodus,minor,transition_bucket_shape,taam_events
P5-6_A4_C0,P<=4_A3_C0,59,0.24081633,0.26685892,0.90241064,exodus,minor,transition_bucket_shape,taam_events
P5-6_A6-7_C0,P<=4_A3_C0,58,0.23481781,0.26685892,0.87993242,exodus,minor,transition_bucket_shape,taam_events
P<=4_A4_C0,P5-6_A4_C0,57,0.06397306,0.05434783,1.17710438,exodus,minor,transition_bucket_shape,taam_events
P5-6_A5_C0,P<=4_A2_C0,54,0.16363636,0.16126886,1.01468051,exodus,minor,transition_bucket_shape,taam_events
P5-6_A5_C0,P<=4_A4_C0,53,0.16060606,0.19764862,0.81258375,exodus,minor,transition_bucket_shape,taam_events
P<=4_A0-1_C0,P<=4_A4_C0,51,0.1969112,0.19764862,0.996269,exodus,minor,transition_bucket_shape,taam_events
P<=4_A3_C0,P5-6_A4_C0,51,0.04239401,0.05434783,0.78004988,exodus,minor,transition_bucket_shape,taam_events
P<=4_A5_C0,P<=4_A3_C0,47,0.22705314,0.26685892,0.85083587,exodus,minor,transition_bucket_shape,taam_events
P<=4_A4_C0,P7-9_A6-7_C0,46,0.05162738,0.0350488,1.47301425,exodus,minor,transition_bucket_shape,taam_events
P<=4_A2_C0,P5-6_A5_C0,45,0.06189821,0.07342502,0.8430125,exodus,minor,transition_bucket_shape,taam_events
P5-6_A4_C0,P<=4_A2_C0,45,0.18367347,0.16126886,1.1389271,exodus,minor,transition_bucket_shape,taam_events
P<=4_A0-1_C0,P<=4_A2_C0,43,0.16602317,0.16126886,1.02948065,exodus,minor,transition_bucket_shape,taam_events
P5-6_A6-7_C0,P<=4_A2_C0,43,0.17408907,0.16126886,1.0794959,exodus,minor,transition_bucket_shape,taam_events
P<=4_A4_C0,P5-6_A6-7_C0,41,0.04601571,0.05479148,0.83983333,exodus,minor,transition_bucket_shape,taam_events
P<=4_A4_C0,P<=4_A5_C0,40,0.04489338,0.04591837,0.97767801,exodus,minor,transition_bucket_shape,taam_events
P<=4_A2_C0,P5-6_A6-7_C0,39,0.05364512,0.05479148,0.97907768,exodus,minor,transition_bucket_shape,taam_events
P5-6_A6-7_C0,P<=4_A4_C0,37,0.14979757,0.19764862,0.75789837,exodus,minor,transition_bucket_shape,taam_events
P<=4_A5_C0,P<=4_A4_C0,36,0.17391304,0.19764862,0.87991021,exodus,minor,transition_bucket_shape,taam_events
P7-9_A6-7_C0,P<=4_A3_C0,36,0.2278481,0.26685892,0.85381483,exodus,minor,transition_bucket_shape,taam_events
P<=4_A5_C0,P<=4_A2_C0,33,0.15942029,0.16126886,0.98853737,exodus,minor,transition_bucket_shape,taam_events
P<=4_A2_C0,P<=4_A5_C0,33,0.04539202,0.04591837,0.98853737,exodus,minor,transition_bucket_shape,taam_events
P7-9_A6-7_C0,P<=4_A4_C0,32,0.20253165,0.19764862,1.02470556,exodus,minor,transition_bucket_shape,taam_events
P<=4_A2_C0,P<=4_A0-1_C0,31,0.04264099,0.05723159,0.74506041,exodus,minor,transition_bucket_shape,taam_events
P5-6_A6-7_C0,P5-6_A5_C0,30,0.12145749,0.07342502,1.65417029,exodus,minor,transition_bucket_shape,taam_events
P<=4_A2_C0,P5-6_A4_C0,27,0.03713893,0.05434783,0.68335626,exodus,minor,transition_bucket_shape,taam_events
P5-6_A5_C0,P5-6_A4_C0,27,0.08181818,0.05434783,1.50545455,exodus,minor,transition_bucket_shape,taam_events
P<=4_A3_C0,P7-9_A6-7_C0,26,0.02161264,0.0350488,0.61664404,exodus,minor,transition_bucket_shape,taam_events
P5-6_A5_C0,P5-6_A5_C0,24,0.07272727,0.07342502,0.99049712,exodus,minor,transition_bucket_shape,taam_events
P5-6_A5_C0,P5-6_A6-7_C0,24,0.07272727,0.05479148,1.32734634,exodus,minor,transition_bucket_shape,taam_events
P7-9_A6-7_C0,P<=4_A2_C0,23,0.14556962,0.16126886,0.90265179,exodus,minor,transition_bucket_shape,taam_events
P<=4_A2_C0,P7-9_A6-7_C0,22,0.03026135,0.0350488,0.86340606,exodus,minor,transition_bucket_shape,taam_events
P5-6_A4_C0,P5-6_A5_C0,21,0.08571429,0.07342502,1.1673716,exodus,minor,transition_bucket_shape,taam_events
P<=4_A5_C0,P<=4_A0-1_C0,18,0.08695652,0.05723159,1.51937984,exodus,minor,transition_bucket_shape,taam_events
P<=4_A3_C0,P7-9_A8+_C0,18,0.01496259,0.01486247,1.00673689,exodus,minor,transition_bucket_shape,taam_events
P<=4_A0-1_C0,P<=4_A5_C0,17,0.06563707,0.04591837,1.42942943,exodus,minor,transition_bucket_shape,taam_events
P<=4_A5_C0,P5-6_A4_C0,17,0.0821256,0.05434783,1.51111111,exodus,minor,transition_bucket_shape,taam_events
P5-6_A6-7_C0,P<=4_A0-1_C0,17,0.06882591,0.05723159,1.20258607,exodus,minor,transition_bucket_shape,taam_events
P<=4_A0-1_C0,P5-6_A6-7_C0,16,0.06177606,0.05479148,1.12747565,exodus,minor,transition_bucket_shape,taam_events
P5-6_A5_C0,P7-9_A6-7_C0,16,0.04848485,0.0350488,1.38335251,exodus,minor,transition_bucket_shape,taam_events
P<=4_A5_C0,P5-6_A5_C0,16,0.07729469,0.07342502,1.05270225,exodus,minor,transition_bucket_shape,taam_events
P5-6_A4_C0,P5-6_A6-7_C0,16,0.06530612,0.05479148,1.19190283,exodus,minor,transition_bucket_shape,taam_events
P7-9_A6-7_C0,P5-6_A4_C0,15,0.09493671,0.05434783,1.74683544,exodus,minor,transition_bucket_shape,taam_events
P7-9_A8+_C0,P<=4_A3_C0,14,0.20895522,0.26685892,0.78301758,exodus,minor,transition_bucket_shape,taam_events
P7-9_A8+_C0,P<=4_A4_C0,14,0.20895522,0.19764862,1.05720555,exodus,minor,transition_bucket_shape,taam_events
P7-9_A6-7_C0,P<=4_A0-1_C0,13,0.08227848,0.05723159,1.43764106,exodus,minor,transition_bucket_shape,taam_events
P5-6_A4_C0,P<=4_A0-1_C0,13,0.05306122,0.05723159,0.92713178,exodus,minor,transition_bucket_shape,taam_events
P5-6_A6-7_C0,P7-9_A6-7_C0,13,0.05263158,0.0350488,1.50166556,exodus,minor,transition_bucket_shape,taam_events
P5-6_A6-7_C0,P5-6_A4_C0,12,0.048583,0.05434783,0.89392713,exodus,minor,transition_bucket_shape,taam_events
P<=4_A0-1_C0,P5-6_A5_C0,12,0.04633205,0.07342502,0.63101168,exodus,minor,transition_bucket_shape,taam_events
P7-9_A8+_C0,P<=4_A2_C0,12,0.17910448,0.16126886,1.11059558,exodus,minor,transition_bucket_shape,taam_events
P5-6_A6-7_C0,P5-6_A6-7_C0,12,0.048583,0.05479148,0.88668885,exodus,minor,transition_bucket_shape,taam_events
P<=4_A0-1_C0,P5-6_A4_C0,12,0.04633205,0.05434783,0.85250965,exodus,minor,transition_bucket_shape,taam_events
P5-6_A5_C0,P<=4_A5_C0,12,0.03636364,0.04591837,0.79191919,exodus,minor,transition_bucket_shape,taam_events
P7-9_A6-7_C0,P5-6_A5_C0,12,0.07594937,0.07342502,1.0343799,exodus,minor,transition_bucket_shape,taam_events
P<=4_A4_C0,P5-6_A3_C0,11,0.01234568,0.00998225,1.23676269,exodus,minor,transition_bucket_shape,taam_events
P<=4_A3_C0,P5-6_A3_C0,11,0.00914381,0.00998225,0.91600628,exodus,minor,transition_bucket_shape,taam_events
P5-6_A5_C0,P<=4_A0-1_C0,11,0.03333333,0.05723159,0.58242894,exodus,minor,transition_bucket_shape,taam_events
P<=4_A4_C0,P7-9_A8+_C0,10,0.01122334,0.01486247,0.75514682,exodus,minor,transition_bucket_shape,taam_events
P<=4_A4_C0,P10-12_A8+_C0,10,0.01122334,0.00709849,1.58108866,exodus,minor,transition_bucket_shape,taam_events
P10-12_A8+_C0,P<=4_A3_C0,10,0.3125,0.26685892,1.17103076,exodus,minor,transition_bucket_shape,taam_events
P<=4_A5_C0,P5-6_A6-7_C0,10,0.04830918,0.05479148,0.88169141,exodus,minor,transition_bucket_shape,taam_events
P<=4_A2_C0,P7-9_A8+_C0,10,0.01375516,0.01486247,0.92549631,exodus,minor,transition_bucket_shape,taam_events
P5-6_A4_C0,P<=4_A5_C0,9,0.03673469,0.04591837,0.8,exodus,minor,transition_bucket_shape,taam_events
P<=4_A0-1_C0,P7-9_A6-7_C0,9,0.03474903,0.0350488,0.99144714,exodus,minor,transition_bucket_shape,taam_events
P7-9_A8+_C0,P5-6_A5_C0,9,0.13432836,0.07342502,1.82946296,exodus,minor,transition_bucket_shape,taam_events
P5-6_A6-7_C0,P<=4_A5_C0,9,0.03643725,0.04591837,0.79352227,exodus,minor,transition_bucket_shape,taam_events
P5-6_A3_C0,P<=4_A3_C0,9,0.2,0.26685892,0.74945968,exodus,minor,transition_bucket_shape,taam_events
P5-6_A4_C0,P5-6_A4_C0,8,0.03265306,0.05434783,0.60081633,exodus,minor,transition_bucket_shape,taam_events
P5-6_A4_C0,P7-9_A6-7_C0,8,0.03265306,0.0350488,0.93164557,exodus,minor,transition_bucket_shape,taam_events
P<=4_A3_C0,P10-12_A8+_C0,8,0.00665004,0.00709849,0.93682461,exodus,minor,transition_bucket_shape,taam_events
P<=4_A5_C0,P<=4_A5_C0,8,0.03864734,0.04591837,0.84165325,exodus,minor,transition_bucket_shape,taam_events
P5-6_A3_C0,P<=4_A4_C0,8,0.17777778,0.19764862,0.89946377,exodus,minor,transition_bucket_shape,taam_events
P<=4_A3_C0,P<=4_A6-7_C0,7,0.00581879,0.00754215,0.77150262,exodus,minor,transition_bucket_shape,taam_events
P<=4_A5_C0,P7-9_A6-7_C0,7,0.03381643,0.0350488,0.96483826,exodus,minor,transition_bucket_shape,taam_events
P10-12_A8+_C0,P<=4_A2_C0,7,0.21875,0.16126886,1.35643054,exodus,minor,transition_bucket_shape,taam_events
P<=4_A3_C0,P7-9_A5_C0,7,0.00581879,0.0055457,1.04924356,exodus,minor,transition_bucket_shape,taam_events
P5-6_A3_C0,P<=4_A2_C0,7,0.15555556,0.16126886,0.96457283,exodus,minor,transition_bucket_shape,taam_events
P<=4_A2_C0,P<=4_A6-7_C0,7,0.00962861,0.00754215,1.2766405,exodus,minor,transition_bucket_shape,taam_events
P<=4_A6-7_C0,P<=4_A4_C0,7,0.20588235,0.19764862,1.04165841,exodus,minor,transition_bucket_shape,taam_events
P<=4_A6-7_C0,P<=4_A2_C0,6,0.17647059,0.16126886,1.09426329,exodus,minor,transition_bucket_shape,taam_events
P<=4_A4_C0,P<=4_A6-7_C0,6,0.00673401,0.00754215,0.89285007,exodus,minor,transition_bucket_shape,taam_events
P7-9_A6-7_C0,P5-6_A6-7_C0,6,0.03797468,0.05479148,0.69307641,exodus,minor,transition_bucket_shape,taam_events
P7-9_A6-7_C0,P7-9_A8+_C0,6,0.03797468,0.01486247,2.55507274,exodus,minor,transition_bucket_shape,taam_events
P5-6_A5_C0,P7-9_A8+_C0,6,0.01818182,0.01486247,1.22333786,exodus,minor,transition_bucket_shape,taam_events
P5-6_A3_C0,P5-6_A5_C0,6,0.13333333,0.07342502,1.81591138,exodus,minor,transition_bucket_shape,taam_events
P<=4_A5_C0,P10-12_A8+_C0,6,0.02898551,0.00709849,4.08333333,exodus,minor,transition_bucket_shape,taam_events
P5-6_A6-7_C0,P7-9_A8+_C0,6,0.0242915,0.01486247,1.634419,exodus,minor,transition_bucket_shape,taam_events
P7-9_A8+_C0,P5-6_A4_C0,5,0.07462687,0.05434783,1.37313433,exodus,minor,transition_bucket_shape,taam_events
P10-12_A8+_C0,P<=4_A4_C0,5,0.15625,0.19764862,0.79054433,exodus,minor,transition_bucket_shape,taam_events
P5-6_A3_C0,P5-6_A6-7_C0,5,0.11111111,0.05479148,2.02789024,exodus,minor,transition_bucket_shape,taam_events
P<=4_A2_C0,P5-6_A3_C0,5,0.00687758,0.00998225,0.68898059,exodus,minor,transition_bucket_shape,taam_events
P<=4_A6-7_C0,P<=4_A3_C0,5,0.14705882,0.26685892,0.5510733,exodus,minor,transition_bucket_shape,taam_events
P5-6_A6-7_C0,P5-6_A3_C0,5,0.02024291,0.00998225,2.02789024,exodus,minor,transition_bucket_shape,taam_events
P3_A3_C0,P3_A3_C0,100,0.1540832,0.14396628,1.07027286,exodus,minor,transition_exact_shape,taam_events
P2_A2_C0,P3_A3_C0,98,0.196,0.14396628,1.36142989,exodus,minor,transition_exact_shape,taam_events
P3_A3_C0,P3_A4_C0,77,0.11864407,0.0907276,1.3076955,exodus,minor,transition_exact_shape,taam_events
P3_A3_C0,P2_A2_C0,75,0.1155624,0.11091393,1.04191063,exodus,minor,transition_exact_shape,taam_events
P2_A2_C0,P3_A4_C0,68,0.136,0.0907276,1.49899267,exodus,minor,transition_exact_shape,taam_events
P3_A4_C0,P2_A2_C0,66,0.16136919,0.11091393,1.45490465,exodus,minor,transition_exact_shape,taam_events
P4_A4_C0,P3_A3_C0,62,0.13656388,0.14396628,0.94858237,exodus,minor,transition_exact_shape,taam_events
P3_A3_C0,P4_A4_C0,57,0.08782743,0.10070985,0.87208379,exodus,minor,transition_exact_shape,taam_events
P2_A2_C0,P2_A3_C0,53,0.106,0.05700976,1.85933074,exodus,minor,transition_exact_shape,taam_events
P2_A2_C0,P4_A4_C0,51,0.102,0.10070985,1.01281057,exodus,minor,transition_exact_shape,taam_events
P1_A1_C0,P3_A3_C0,49,0.21212121,0.14396628,1.47340897,exodus,minor,transition_exact_shape,taam_events
P4_A4_C0,P2_A2_C0,49,0.10792952,0.11091393,0.97309251,exodus,minor,transition_exact_shape,taam_events
P3_A4_C0,P4_A4_C0,48,0.11735941,0.10070985,1.1653221,exodus,minor,transition_exact_shape,taam_events
P3_A3_C0,P2_A3_C0,47,0.07241911,0.05700976,1.27029312,exodus,minor,transition_exact_shape,taam_events
P4_A4_C0,P4_A4_C0,44,0.0969163,0.10070985,0.96233189,exodus,minor,transition_exact_shape,taam_events
P4_A3_C0,P3_A3_C0,41,0.13804714,0.14396628,0.95888521,exodus,minor,transition_exact_shape,taam_events
P3_A3_C0,P1_A1_C0,41,0.06317411,0.05102041,1.23821263,exodus,minor,transition_exact_shape,taam_events
P2_A2_C0,P2_A2_C0,40,0.08,0.11091393,0.72128,exodus,minor,transition_exact_shape,taam_events
P4_A4_C0,P3_A4_C0,39,0.08590308,0.0907276,0.94682421,exodus,minor,transition_exact_shape,taam_events
P3_A4_C0,P3_A3_C0,38,0.09290954,0.14396628,0.64535622,exodus,minor,transition_exact_shape,taam_events
P3_A3_C0,P4_A5_C0,37,0.05701079,0.03837622,1.48557585,exodus,minor,transition_exact_shape,taam_events
P3_A4_C0,P4_A3_C0,35,0.08557457,0.06588287,1.29888947,exodus,minor,transition_exact_shape,taam_events
P2_A3_C0,P3_A3_C0,35,0.13618677,0.14396628,0.94596296,exodus,minor,transition_exact_shape,taam_events
P3_A3_C0,P4_A3_C0,35,0.05392912,0.06588287,0.81856054,exodus,minor,transition_exact_shape,taam_events
P4_A4_C0,P4_A3_C0,34,0.07488987,0.06588287,1.1367122,exodus,minor,transition_exact_shape,taam_events
P4_A3_C0,P4_A4_C0,34,0.11447811,0.10070985,1.1367122,exodus,minor,transition_exact_shape,taam_events
P5_A5_C0,P3_A3_C0,33,0.1375,0.14396628,0.95508475,exodus,minor,transition_exact_shape,taam_events
P3_A2_C0,P3_A3_C0,32,0.22535211,0.14396628,1.56531175,exodus,minor,transition_exact_shape,taam_events
P2_A3_C0,P2_A2_C0,32,0.12451362,0.11091393,1.12261479,exodus,minor,transition_exact_shape,taam_events
P4_A4_C0,P1_A1_C0,30,0.0660793,0.05102041,1.29515419,exodus,minor,transition_exact_shape,taam_events
P4_A4_C0,P5_A5_C0,30,0.0660793,0.05323869,1.24118943,exodus,minor,transition_exact_shape,taam_events
P3_A4_C0,P3_A4_C0,29,0.07090465,0.0907276,0.78151135,exodus,minor,transition_exact_shape,taam_events
P5_A4_C0,P3_A4_C0,29,0.145,0.0907276,1.59819071,exodus,minor,transition_exact_shape,taam_events
P5_A4_C0,P3_A3_C0,29,0.145,0.14396628,1.00718028,exodus,minor,transition_exact_shape,taam_events
P3_A3_C0,P5_A5_C0,27,0.04160247,0.05323869,0.78143297,exodus,minor,transition_exact_shape,taam_events
P5_A5_C0,P2_A2_C0,26,0.10833333,0.11091393,0.97673333,exodus,minor,transition_exact_shape,taam_events
P3_A4_C0,P5_A4_C0,25,0.06112469,0.04436557,1.37775061,exodus,minor,transition_exact_shape,taam_events
P3_A4_C0,P1_A1_C0,25,0.06112469,0.05102041,1.19804401,exodus,minor,transition_exact_shape,taam_events
P1_A1_C0,P2_A2_C0,25,0.10822511,0.11091393,0.97575758,exodus,minor,transition_exact_shape,taam_events
P5_A5_C0,P4_A3_C0,25,0.10416667,0.06588287,1.58108866,exodus,minor,transition_exact_shape,taam_events
P2_A2_C0,P5_A5_C0,24,0.048,0.05323869,0.9016,exodus,minor,transition_exact_shape,taam_events
P2_A3_C0,P4_A4_C0,24,0.09338521,0.10070985,0.92726992,exodus,minor,transition_exact_shape,taam_events
P4_A3_C0,P3_A4_C0,23,0.07744108,0.0907276,0.85355593,exodus,minor,transition_exact_shape,taam_events
P4_A4_C0,P4_A5_C0,23,0.05066079,0.03837622,1.32010899,exodus,minor,transition_exact_shape,taam_events
P4_A3_C0,P2_A2_C0,23,0.07744108,0.11091393,0.69820875,exodus,minor,transition_exact_shape,taam_events
P1_A1_C0,P3_A4_C0,22,0.0952381,0.0907276,1.04971475,exodus,minor,transition_exact_shape,taam_events
P4_A5_C0,P2_A2_C0,22,0.12716763,0.11091393,1.14654335,exodus,minor,transition_exact_shape,taam_events
P1_A1_C0,P4_A4_C0,22,0.0952381,0.10070985,0.94566814,exodus,minor,transition_exact_shape,taam_events
P2_A2_C0,P4_A3_C0,22,0.044,0.06588287,0.66785185,exodus,minor,transition_exact_shape,taam_events
P4_A5_C0,P4_A4_C0,22,0.12716763,0.10070985,1.26271294,exodus,minor,transition_exact_shape,taam_events
P5_A4_C0,P4_A4_C0,21,0.105,0.10070985,1.04259912,exodus,minor,transition_exact_shape,taam_events
P3_A3_C0,P3_A2_C0,20,0.03081664,0.03149956,0.97831984,exodus,minor,transition_exact_shape,taam_events
P5_A4_C0,P2_A2_C0,20,0.1,0.11091393,0.9016,exodus,minor,transition_exact_shape,taam_events
P2_A3_C0,P2_A3_C0,20,0.07782101,0.05700976,1.36504716,exodus,minor,transition_exact_shape,taam_events
P3_A4_C0,P5_A5_C0,19,0.04645477,0.05323869,0.87257539,exodus,minor,transition_exact_shape,taam_events
P4_A4_C0,P2_A3_C0,19,0.04185022,0.05700976,0.73408869,exodus,minor,transition_exact_shape,taam_events
P4_A5_C0,P3_A3_C0,19,0.10982659,0.14396628,0.76286328,exodus,minor,transition_exact_shape,taam_events
P4_A4_C0,P5_A4_C0,18,0.03964758,0.04436557,0.89365639,exodus,minor,transition_exact_shape,taam_events
P4_A3_C0,P2_A3_C0,18,0.06060606,0.05700976,1.06308218,exodus,minor,transition_exact_shape,taam_events
P5_A5_C0,P4_A4_C0,18,0.075,0.10070985,0.74471366,exodus,minor,transition_exact_shape,taam_events
P2_A3_C0,P3_A4_C0,17,0.06614786,0.0907276,0.72908204,exodus,minor,transition_exact_shape,taam_events
P4_A3_C0,P4_A3_C0,17,0.05723906,0.06588287,0.86880024,exodus,minor,transition_exact_shape,taam_events
P5_A5_C0,P5_A4_C0,17,0.07083333,0.04436557,1.59658333,exodus,minor,transition_exact_shape,taam_events
P3_A3_C0,P5_A4_C0,17,0.02619414,0.04436557,0.59041602,exodus,minor,transition_exact_shape,taam_events
P2_A3_C0,P4_A3_C0,17,0.06614786,0.06588287,1.00402206,exodus,minor,transition_exact_shape,taam_events
P2_A3_C0,P5_A5_C0,17,0.06614786,0.05323869,1.2424773,exodus,minor,transition_exact_shape,taam_events
P2_A3_C0,P5_A4_C0,17,0.06614786,0.04436557,1.49097276,exodus,minor,transition_exact_shape,taam_events
P6_A6_C0,P3_A3_C0,16,0.15686275,0.14396628,1.08957975,exodus,minor,transition_exact_shape,taam_events
P1_A1_C0,P4_A3_C0,16,0.06926407,0.06588287,1.05132129,exodus,minor,transition_exact_shape,taam_events
P5_A6_C0,P2_A2_C0,16,0.17391304,0.11091393,1.568,exodus,minor,transition_exact_shape,taam_events
P5_A4_C0,P5_A5_C0,15,0.075,0.05323869,1.40875,exodus,minor,transition_exact_shape,taam_events
P1_A1_C0,P4_A5_C0,15,0.06493506,0.03837622,1.69206516,exodus,minor,transition_exact_shape,taam_events
P5_A5_C0,P3_A4_C0,15,0.0625,0.0907276,0.68887531,exodus,minor,transition_exact_shape,taam_events
P4_A3_C0,P3_A2_C0,15,0.05050505,0.03149956,1.60335752,exodus,minor,transition_exact_shape,taam_events
P3_A3_C0,P6_A5_C0,15,0.02311248,0.02018634,1.14495674,exodus,minor,transition_exact_shape,taam_events
P2_A2_C0,P4_A5_C0,15,0.03,0.03837622,0.7817341,exodus,minor,transition_exact_shape,taam_events
P2_A2_C0,P1_A1_C0,14,0.028,0.05102041,0.5488,exodus,minor,transition_exact_shape,taam_events
P4_A3_C0,P4_A5_C0,14,0.04713805,0.03837622,1.22831397,exodus,minor,transition_exact_shape,taam_events
P3_A3_C0,P6_A6_C0,14,0.02157165,0.02262644,0.95338228,exodus,minor,transition_exact_shape,taam_events
P4_A4_C0,P5_A6_C0,13,0.02863436,0.02040816,1.4030837,exodus,minor,transition_exact_shape,taam_events
P5_A6_C0,P3_A3_C0,13,0.14130435,0.14396628,0.98151002,exodus,minor,transition_exact_shape,taam_events
P4_A3_C0,P5_A5_C0,13,0.04377104,0.05323869,0.82216611,exodus,minor,transition_exact_shape,taam_events
P2_A2_C0,P5_A4_C0,13,0.026,0.04436557,0.58604,exodus,minor,transition_exact_shape,taam_events
P4_A5_C0,P1_A1_C0,13,0.07514451,0.05102041,1.47283237,exodus,minor,transition_exact_shape,taam_events
P6_A6_C0,P4_A4_C0,13,0.12745098,0.10070985,1.26552647,exodus,minor,transition_exact_shape,taam_events
P3_A3_C0,P1_A2_C0,13,0.02003082,0.01308784,1.53049019,exodus,minor,transition_exact_shape,taam_events
P4_A3_C0,P1_A1_C0,13,0.04377104,0.05102041,0.85791246,exodus,minor,transition_exact_shape,taam_events
P4_A5_C0,P4_A3_C0,13,0.07514451,0.06588287,1.14057726,exodus,minor,transition_exact_shape,taam_events
P3_A3_C0,P5_A6_C0,12,0.01848998,0.02040816,0.90600924,exodus,minor,transition_exact_shape,taam_events
P3_A2_C0,P2_A3_C0,12,0.08450704,0.05700976,1.48232586,exodus,minor,transition_exact_shape,taam_events
P4_A4_C0,P3_A2_C0,12,0.02643172,0.03149956,0.83911398,exodus,minor,transition_exact_shape,taam_events
P5_A4_C0,P4_A3_C0,12,0.06,0.06588287,0.91070707,exodus,minor,transition_exact_shape,taam_events
P3_A4_C0,P6_A5_C0,12,0.02933985,0.02018634,1.45345119,exodus,minor,transition_exact_shape,taam_events
P2_A3_C0,P1_A1_C0,12,0.04669261,0.05102041,0.9151751,exodus,minor,transition_exact_shape,taam_events
P4_A4_C0,P7_A6_C0,12,0.02643172,0.0135315,1.9533473,exodus,minor,transition_exact_shape,taam_events
P6_A6_C0,P2_A2_C0,12,0.11764706,0.11091393,1.06070588,exodus,minor,transition_exact_shape,taam_events
P5_A5_C0,P6_A6_C0,12,0.05,0.02262644,2.20980392,exodus,minor,transition_exact_shape,taam_events
P1_A1_C0,P2_A3_C0,12,0.05194805,0.05700976,0.9112133,exodus,minor,transition_exact_shape,taam_events
P1_A2_C0,P3_A3_C0,12,0.20338983,0.14396628,1.41276018,exodus,minor,transition_exact_shape,taam_events
P5_A5_C0,P3_A2_C0,11,0.04583333,0.03149956,1.45504695,exodus,minor,transition_exact_shape,taam_events
P5_A4_C0,P2_A3_C0,11,0.055,0.05700976,0.96474708,exodus,minor,transition_exact_shape,taam_events
P2_A2_C0,P3_A2_C0,11,0.022,0.03149956,0.69842254,exodus,minor,transition_exact_shape,taam_events
P3_A2_C0,P2_A2_C0,11,0.07746479,0.11091393,0.69842254,exodus,minor,transition_exact_shape,taam_events
P4_A5_C0,P5_A4_C0,11,0.06358382,0.04436557,1.43317919,exodus,minor,transition_exact_shape,taam_events
P5_A5_C0,P5_A5_C0,11,0.04583333,0.05323869,0.86090278,exodus,minor,transition_exact_shape,taam_events
P3_A2_C0,P4_A4_C0,11,0.07746479,0.10070985,0.76918781,exodus,minor,transition_exact_shape,taam_events
P4_A4_C0,P6_A6_C0,11,0.02422907,0.02262644,1.07083009,exodus,minor,transition_exact_shape,taam_events
P6_A5_C0,P4_A4_C0,11,0.12222222,0.10070985,1.21360744,exodus,minor,transition_exact_shape,taam_events
P2_A3_C0,P3_A2_C0,10,0.03891051,0.03149956,1.23527155,exodus,minor,transition_exact_shape,taam_events
P6_A5_C0,P4_A3_C0,10,0.11111111,0.06588287,1.68649458,exodus,minor,transition_exact_shape,taam_events
P2_A2_C0,P6_A6_C0,10,0.02,0.02262644,0.88392157,exodus,minor,transition_exact_shape,taam_events
P2_A2_C0,P5_A6_C0,10,0.02,0.02040816,0.98,exodus,minor,transition_exact_shape,taam_events
P3_A4_C0,P3_A2_C0,10,0.02444988,0.03149956,0.77619753,exodus,minor,transition_exact_shape,taam_events
P7_A6_C0,P4_A4_C0,10,0.16393443,0.10070985,1.62778941,exodus,minor,transition_exact_shape,taam_events
P3_A4_C0,P2_A3_C0,10,0.02444988,0.05700976,0.42887179,exodus,minor,transition_exact_shape,taam_events
P7_A6_C0,P3_A3_C0,10,0.16393443,0.14396628,1.13870014,exodus,minor,transition_exact_shape,taam_events
P3_A4_C0,P4_A5_C0,9,0.02200489,0.03837622,0.5733991,exodus,minor,transition_exact_shape,taam_events
P3_A2_C0,P1_A1_C0,9,0.06338028,0.05102041,1.24225352,exodus,minor,transition_exact_shape,taam_events
P4_A3_C0,P6_A5_C0,9,0.03030303,0.02018634,1.5011655,exodus,minor,transition_exact_shape,taam_events
P1_A1_C0,P3_A2_C0,9,0.03896104,0.03149956,1.2368758,exodus,minor,transition_exact_shape,taam_events
P2_A3_C0,P4_A5_C0,9,0.03501946,0.03837622,0.91253008,exodus,minor,transition_exact_shape,taam_events
P5_A6_C0,P4_A4_C0,9,0.09782609,0.10070985,0.97136564,exodus,minor,transition_exact_shape,taam_events
P5_A4_C0,P1_A1_C0,9,0.045,0.05102041,0.882,exodus,minor,transition_exact_shape,taam_events
P1_A2_C0,P3_A4_C0,9,0.15254237,0.0907276,1.68132278,exodus,minor,transition_exact_shape,taam_events
P1_A1_C0,P5_A4_C0,9,0.03896104,0.04436557,0.87818182,exodus,minor,transition_exact_shape,taam_events
P1_A2_C0,P4_A4_C0,9,0.15254237,0.10070985,1.51467184,exodus,minor,transition_exact_shape,taam_events
P4_A3_C0,P5_A6_C0,9,0.03030303,0.02040816,1.48484848,exodus,minor,transition_exact_shape,taam_events
P6_A5_C0,P2_A2_C0,9,0.1,0.11091393,0.9016,exodus,minor,transition_exact_shape,taam_events
P3_A4_C0,P7_A6_C0,9,0.02200489,0.0135315,1.62619744,exodus,minor,transition_exact_shape,taam_events
P5_A6_C0,P5_A5_C0,9,0.09782609,0.05323869,1.8375,exodus,minor,transition_exact_shape,taam_events
P4_A5_C0,P3_A4_C0,8,0.04624277,0.0907276,0.50968809,exodus,minor,transition_exact_shape,taam_events
P4_A3_C0,P5_A4_C0,8,0.02693603,0.04436557,0.60713805,exodus,minor,transition_exact_shape,taam_events
P4_A5_C0,P2_A3_C0,8,0.04624277,0.05700976,0.81113785,exodus,minor,transition_exact_shape,taam_events
P4_A5_C0,P5_A5_C0,8,0.04624277,0.05323869,0.86859345,exodus,minor,transition_exact_shape,taam_events
P1_A1_C0,P5_A5_C0,8,0.03463203,0.05323869,0.65050505,exodus,minor,transition_exact_shape,taam_events
P3_A2_C0,P5_A5_C0,8,0.05633803,0.05323869,1.05821596,exodus,minor,transition_exact_shape,taam_events
P6_A5_C0,P3_A3_C0,8,0.08888889,0.14396628,0.61742852,exodus,minor,transition_exact_shape,taam_events
P6_A6_C0,P4_A3_C0,8,0.07843137,0.06588287,1.19046676,exodus,minor,transition_exact_shape,taam_events
P3_A3_C0,P6_A7_C0,8,0.01232666,0.00887311,1.38921418,exodus,minor,transition_exact_shape,taam_events
P5_A5_C0,P1_A1_C0,8,0.03333333,0.05102041,0.65333333,exodus,minor,transition_exact_shape,taam_events
P5_A5_C0,P5_A6_C0,7,0.02916667,0.02040816,1.42916667,exodus,minor,transition_exact_shape,taam_events
P3_A4_C0,P6_A4_C0,7,0.01711491,0.00998225,1.71453409,exodus,minor,transition_exact_shape,taam_events
P6_A4_C0,P2_A2_C0,7,0.15555556,0.11091393,1.40248889,exodus,minor,transition_exact_shape,taam_events
P3_A2_C0,P3_A4_C0,7,0.04929577,0.0907276,0.54333827,exodus,minor,transition_exact_shape,taam_events
P5_A4_C0,P6_A6_C0,7,0.035,0.02262644,1.54686275,exodus,minor,transition_exact_shape,taam_events
P6_A6_C0,P1_A1_C0,7,0.06862745,0.05102041,1.34509804,exodus,minor,transition_exact_shape,taam_events
P2_A2_C0,P3_A5_C0,7,0.014,0.00576752,2.42738462,exodus,minor,transition_exact_shape,taam_events
P6_A5_C0,P3_A4_C0,7,0.07777778,0.0907276,0.85726705,exodus,minor,transition_exact_shape,taam_events
P4_A4_C0,P7_A7_C0,7,0.0154185,0.0095386,1.61643274,exodus,minor,transition_exact_shape,taam_events
P4_A5_C0,P6_A5_C0,7,0.04046243,0.02018634,2.00444642,exodus,minor,transition_exact_shape,taam_events
P2_A2_C0,P6_A5_C0,7,0.014,0.02018634,0.69353846,exodus,minor,transition_exact_shape,taam_events
P6_A5_C0,P2_A3_C0,7,0.07777778,0.05700976,1.3642888,exodus,minor,transition_exact_shape,taam_events
P6_A6_C0,P5_A5_C0,7,0.06862745,0.05323869,1.28905229,exodus,minor,transition_exact_shape,taam_events
P5_A5_C0,P2_A3_C0,7,0.02916667,0.05700976,0.5116083,exodus,minor,transition_exact_shape,taam_events
P3_A2_C0,P5_A4_C0,6,0.04225352,0.04436557,0.95239437,exodus,minor,transition_exact_shape,taam_events
P5_A4_C0,P5_A4_C0,6,0.03,0.04436557,0.6762,exodus,minor,transition_exact_shape,taam_events
P6_A4_C0,P4_A4_C0,6,0.13333333,0.10070985,1.32393539,exodus,minor,transition_exact_shape,taam_events
P5_A6_C0,P4_A3_C0,6,0.06521739,0.06588287,0.98989899,exodus,minor,transition_exact_shape,taam_events
P4_A3_C0,P6_A6_C0,6,0.02020202,0.02262644,0.89285007,exodus,minor,transition_exact_shape,taam_events
P7_A7_C0,P3_A4_C0,6,0.13953488,0.0907276,1.53795417,exodus,minor,transition_exact_shape,taam_events
P7_A6_C0,P1_A1_C0,6,0.09836066,0.05102041,1.92786885,exodus,minor,transition_exact_shape,taam_events
P6_A5_C0,P5_A5_C0,6,0.06666667,0.05323869,1.25222222,exodus,minor,transition_exact_shape,taam_events
P7_A7_C0,P2_A2_C0,6,0.13953488,0.11091393,1.25804651,exodus,minor,transition_exact_shape,taam_events
P4_A3_C0,P1_A2_C0,6,0.02020202,0.01308784,1.54357131,exodus,minor,transition_exact_shape,taam_events
P6_A6_C0,P6_A5_C0,6,0.05882353,0.02018634,2.91402715,exodus,minor,transition_exact_shape,taam_events
P3_A2_C0,P4_A3_C0,6,0.04225352,0.06588287,0.64134301,exodus,minor,transition_exact_shape,taam_events
P2_A3_C0,P6_A6_C0,6,0.0233463,0.02262644,1.03181506,exodus,minor,transition_exact_shape,taam_events
P5_A5_C0,P6_A5_C0,6,0.025,0.02018634,1.23846154,exodus,minor,transition_exact_shape,taam_events
P4_A3_C0,P5_A3_C0,6,0.02020202,0.00865129,2.33514634,exodus,minor,transition_exact_shape,taam_events
P6_A5_C0,P4_A5_C0,6,0.06666667,0.03837622,1.7371869,exodus,minor,transition_exact_shape,taam_events
P5_A4_C0,P3_A2_C0,6,0.03,0.03149956,0.95239437,exodus,minor,transition_exact_shape,taam_events
P2_A1_C0,P2_A2_C0,6,0.21428571,0.11091393,1.932,exodus,minor,transition_exact_shape,taam_events
P7_A6_C0,P2_A2_C0,6,0.09836066,0.11091393,0.88681967,exodus,minor,transition_exact_shape,taam_events
P4_A4_C0,P1_A2_C0,6,0.01321586,0.01308784,1.00978123,exodus,minor,transition_exact_shape,taam_events
P4_A3_C0,P2_A1_C0,6,0.02020202,0.00621118,3.25252525,exodus,minor,transition_exact_shape,taam_events
P3_A3_C0,P4_A6_C0,5,0.00770416,0.00621118,1.2403698,exodus,minor,transition_exact_shape,taam_events
P5_A6_C0,P3_A4_C0,5,0.05434783,0.0907276,0.599022,exodus,minor,transition_exact_shape,taam_events
P3_A2_C0,P3_A2_C0,5,0.03521127,0.03149956,1.11783376,exodus,minor,transition_exact_shape,taam_events
P2_A4_C0,P3_A3_C0,5,0.17857143,0.14396628,1.2403698,exodus,minor,transition_exact_shape,taam_events
P5_A4_C0,P4_A5_C0,5,0.025,0.03837622,0.65144509,exodus,minor,transition_exact_shape,taam_events
P2_A2_C0,P7_A6_C0,5,0.01,0.0135315,0.73901639,exodus,minor,transition_exact_shape,taam_events
P1_A1_C0,P6_A6_C0,5,0.02164502,0.02262644,0.95662507,exodus,minor,transition_exact_shape,taam_events
P2_A2_C0,P7_A7_C0,5,0.01,0.0095386,1.04837209,exodus,minor,transition_exact_shape,taam_events
P3_A4_C0,P5_A3_C0,5,0.01222494,0.00865129,1.41307755,exodus,minor,transition_exact_shape,taam_events
P5_A3_C0,P5_A5_C0,5,0.12820513,0.05323869,2.40811966,exodus,minor,transition_exact_shape,taam_events
P5_A6_C0,P5_A4_C0,5,0.05434783,0.04436557,1.225,exodus,minor,transition_exact_shape,taam_events
P2_A1_C0,P3_A4_C0,5,0.17857143,0.0907276,1.96821516,exodus,minor,transition_exact_shape,taam_events
P3_A3_C0,P7_A7_C0,5,0.00770416,0.0095386,0.80768266,exodus,minor,transition_exact_shape,taam_events
P4_A5_C0,P5_A6_C0,5,0.02890173,0.02040816,1.41618497,exodus,minor,transition_exact_shape,taam_events
P2_A3_C0,P5_A6_C0,5,0.01945525,0.02040816,0.95330739,exodus,minor,transition_exact_shape,taam_events
P2_A2_C0,P6_A7_C0,5,0.01,0.00887311,1.127,exodus,minor,transition_exact_shape,taam_events
P5_A4_C0,P6_A5_C0,5,0.025,0.02018634,1.23846154,exodus,minor,transition_exact_shape,taam_events
P3_A3_C0,P4_A2_C0,5,0.00770416,0.00576752,1.33578286,exodus,minor,transition_exact_shape,taam_events
P4_A4_C0,P6_A4_C0,5,0.01101322,0.00998225,1.10327949,exodus,minor,transition_exact_shape,taam_events
P3_A4_C0,P7_A7_C0,5,0.01222494,0.0095386,1.28162848,exodus,minor,transition_exact_shape,taam_events
P1_A2_C0,P2_A3_C0,5,0.08474576,0.05700976,1.48651322,exodus,minor,transition_exact_shape,taam_events
P4_A4_C0,P6_A5_C0,5,0.01101322,0.02018634,0.54557777,exodus,minor,transition_exact_shape,taam_events
P7_A7_C0,P4_A4_C0,5,0.11627907,0.10070985,1.15459482,exodus,minor,transition_exact_shape,taam_events
P2_A2_C0,P1_A2_C0,5,0.01,0.01308784,0.7640678,exodus,minor,transition_exact_shape,taam_events
P<=4_A3_C0,P7-9_A8+_C1,21,0.11731844,0.07790549,1.50590713,exodus,major,transition_bucket_shape,taam_events
P7-9_A8+_C1,P<=4_A4_C0,19,0.10382514,0.09152831,1.13434998,exodus,major,transition_bucket_shape,taam_events
P7-9_A8+_C1,P7-9_A8+_C1,18,0.09836066,0.07790549,1.26256383,exodus,major,transition_bucket_shape,taam_events
P<=4_A4_C0,P5-6_A5_C0,17,0.07906977,0.05449127,1.45105378,exodus,major,transition_bucket_shape,taam_events
P5-6_A6-7_C1,P7-9_A8+_C2,17,0.0960452,0.05704555,1.68365798,exodus,major,transition_bucket_shape,taam_events
P7-9_A6-7_C1,P<=4_A4_C0,17,0.11111111,0.09152831,1.21395349,exodus,major,transition_bucket_shape,taam_events
P<=4_A4_C0,P<=4_A4_C0,17,0.07906977,0.09152831,0.86388318,exodus,major,transition_bucket_shape,taam_events
P<=4_A4_C0,P7-9_A8+_C2,16,0.0744186,0.05704555,1.30454703,exodus,major,transition_bucket_shape,taam_events
P<=4_A3_C0,P7-9_A6-7_C1,16,0.08938547,0.0651341,1.37232994,exodus,major,transition_bucket_shape,taam_events
P10-12_A8+_C2,P<=4_A4_C0,15,0.11111111,0.09152831,1.21395349,exodus,major,transition_bucket_shape,taam_events
P7-9_A6-7_C1,P5-6_A6-7_C1,15,0.09803922,0.07535121,1.30109671,exodus,major,transition_bucket_shape,taam_events
P<=4_A3_C0,P5-6_A6-7_C1,15,0.08379888,0.07535121,1.1121106,exodus,major,transition_bucket_shape,taam_events
P<=4_A4_C0,P10-12_A8+_C2,15,0.06976744,0.05747126,1.21395349,exodus,major,transition_bucket_shape,taam_events
P<=4_A3_C0,P<=4_A3_C0,15,0.08379888,0.07620264,1.09968478,exodus,major,transition_bucket_shape,taam_events
P<=4_A4_C0,P7-9_A6-7_C1,14,0.06511628,0.0651341,0.9997264,exodus,major,transition_bucket_shape,taam_events
P7-9_A6-7_C1,P7-9_A8+_C1,14,0.09150327,0.07790549,1.17454195,exodus,major,transition_bucket_shape,taam_events
P10-12_A8+_C2,P<=4_A3_C0,14,0.1037037,0.07620264,1.36089385,exodus,major,transition_bucket_shape,taam_events
P7-9_A8+_C1,P<=4_A3_C0,14,0.07650273,0.07620264,1.00393809,exodus,major,transition_bucket_shape,taam_events
P5-6_A6-7_C1,P5-6_A6-7_C1,14,0.07909605,0.07535121,1.04969836,exodus,major,transition_bucket_shape,taam_events
P7-9_A6-7_C1,P7-9_A6-7_C1,13,0.08496732,0.0651341,1.30449827,exodus,major,transition_bucket_shape,taam_events
P5-6_A6-7_C1,P<=4_A4_C0,13,0.07344633,0.09152831,0.80244383,exodus,major,transition_bucket_shape,taam_events
P<=4_A4_C0,P<=4_A3_C0,13,0.06046512,0.07620264,0.79347798,exodus,major,transition_bucket_shape,taam_events
P5-6_A6-7_C1,P7-9_A6-7_C1,13,0.07344633,0.0651341,1.12761715,exodus,major,transition_bucket_shape,taam_events
P5-6_A5_C0,P<=4_A3_C0,13,0.1023622,0.07620264,1.34328949,exodus,major,transition_bucket_shape,taam_events
P<=4_A4_C0,P5-6_A6-7_C1,13,0.06046512,0.07535121,0.80244383,exodus,major,transition_bucket_shape,taam_events
P10-12_A8+_C3,P<=4_A4_C0,13,0.23636364,0.09152831,2.58241015,exodus,major,transition_bucket_shape,taam_events
P7-9_A8+_C2,P<=4_A4_C0,12,0.08955224,0.09152831,0.97841027,exodus,major,transition_bucket_shape,taam_events
P<=4_A4_C0,P7-9_A8+_C1,12,0.05581395,0.07790549,0.71643157,exodus,major,transition_bucket_shape,taam_events
P7-9_A8+_C2,P<=4_A3_C0,12,0.08955224,0.07620264,1.17518552,exodus,major,transition_bucket_shape,taam_events
P7-9_A8+_C2,P5-6_A6-7_C1,12,0.08955224,0.07535121,1.18846446,exodus,major,transition_bucket_shape,taam_events
P5-6_A6-7_C1,P<=4_A3_C0,12,0.06779661,0.07620264,0.88968848,exodus,major,transition_bucket_shape,taam_events
P7-9_A8+_C1,P5-6_A6-7_C1,12,0.06557377,0.07535121,0.87024173,exodus,major,transition_bucket_shape,taam_events
P10-12_A8+_C2,P7-9_A6-7_C1,11,0.08148148,0.0651341,1.25098039,exodus,major,transition_bucket_shape,taam_events
P<=4_A3_C0,P<=4_A4_C0,11,0.06145251,0.09152831,0.67140444,exodus,major,transition_bucket_shape,taam_events
P10-12_A8+_C1,P<=4_A3_C0,11,0.11578947,0.07620264,1.51949427,exodus,major,transition_bucket_shape,taam_events
P7-9_A8+_C2,P7-9_A6-7_C1,11,0.08208955,0.0651341,1.26031607,exodus,major,transition_bucket_shape,taam_events
P10-12_A8+_C2,P7-9_A8+_C1,11,0.08148148,0.07790549,1.04590164,exodus,major,transition_bucket_shape,taam_events
P<=4_A2_C0,P<=4_A4_C0,11,0.25581395,0.09152831,2.79491617,exodus,major,transition_bucket_shape,taam_events
P7-9_A6-7_C1,P5-6_A5_C0,11,0.07189542,0.05449127,1.31939338,exodus,major,transition_bucket_shape,taam_events
P<=4_A4_C0,P5-6_A6-7_C0,11,0.05116279,0.04427416,1.15559034,exodus,major,transition_bucket_shape,taam_events
P7-9_A8+_C2,P7-9_A8+_C2,10,0.07462687,0.05704555,1.30819782,exodus,major,transition_bucket_shape,taam_events
P5-6_A6-7_C1,P7-9_A8+_C1,10,0.05649718,0.07790549,0.72520144,exodus,major,transition_bucket_shape,taam_events
P10-12_A8+_C2,P5-6_A6-7_C1,10,0.07407407,0.07535121,0.98305085,exodus,major,transition_bucket_shape,taam_events
P<=4_A3_C0,P13-15_A8+_C2,10,0.05586592,0.02171137,2.57311863,exodus,major,transition_bucket_shape,taam_events
P5-6_A4_C0,P<=4_A4_C0,10,0.14492754,0.09152831,1.58341759,exodus,major,transition_bucket_shape,taam_events
P10-12_A8+_C1,P10-12_A8+_C2,10,0.10526316,0.05747126,1.83157895,exodus,major,transition_bucket_shape,taam_events
P7-9_A8+_C1,P7-9_A6-7_C0,10,0.05464481,0.02894849,1.8876567,exodus,major,transition_bucket_shape,taam_events
P5-6_A5_C0,P<=4_A4_C0,10,0.07874016,0.09152831,0.860282,exodus,major,transition_bucket_shape,taam_events
P5-6_A6-7_C0,P10-12_A8+_C2,9,0.08653846,0.05747126,1.50576923,exodus,major,transition_bucket_shape,taam_events
P10-12_A8+_C1,P7-9_A8+_C1,9,0.09473684,0.07790549,1.21604832,exodus,major,transition_bucket_shape,taam_events
P7-9_A6-7_C1,P<=4_A3_C0,9,0.05882353,0.07620264,0.77193559,exodus,major,transition_bucket_shape,taam_events
P<=4_A3_C0,P10-12_A8+_C1,9,0.05027933,0.04044274,1.24322258,exodus,major,transition_bucket_shape,taam_events
P7-9_A8+_C1,P5-6_A6-7_C0,9,0.04918033,0.04427416,1.11081337,exodus,major,transition_bucket_shape,taam_events
P5-6_A6-7_C1,P10-12_A8+_C2,9,0.05084746,0.05747126,0.88474576,exodus,major,transition_bucket_shape,taam_events
P5-6_A6-7_C0,P7-9_A6-7_C1,9,0.08653846,0.0651341,1.32861991,exodus,major,transition_bucket_shape,taam_events
P10-12_A8+_C1,P5-6_A6-7_C0,9,0.09473684,0.04427416,2.13977733,exodus,major,transition_bucket_shape,taam_events
P<=4_A3_C0,P10-12_A8+_C3,9,0.05027933,0.02341422,2.14738446,exodus,major,transition_bucket_shape,taam_events
P<=4_A4_C0,P10-12_A8+_C1,9,0.04186047,0.04044274,1.03505508,exodus,major,transition_bucket_shape,taam_events
P5-6_A6-7_C1,P5-6_A4_C0,9,0.05084746,0.0293742,1.73102432,exodus,major,transition_bucket_shape,taam_events
P<=4_A5_C0,P5-6_A5_C0,9,0.13235294,0.05449127,2.42888327,exodus,major,transition_bucket_shape,taam_events
P<=4_A3_C0,P5-6_A5_C0,9,0.05027933,0.05449127,0.92270426,exodus,major,transition_bucket_shape,taam_events
P13-15_A8+_C3,P5-6_A6-7_C1,9,0.20454545,0.07535121,2.71456086,exodus,major,transition_bucket_shape,taam_events
P7-9_A6-7_C1,P10-12_A8+_C1,8,0.05228758,0.04044274,1.29287926,exodus,major,transition_bucket_shape,taam_events
P7-9_A8+_C1,P5-6_A4_C0,8,0.04371585,0.0293742,1.48823949,exodus,major,transition_bucket_shape,taam_events
P5-6_A5_C0,P10-12_A8+_C1,8,0.06299213,0.04044274,1.5575632,exodus,major,transition_bucket_shape,taam_events
P7-9_A8+_C2,P7-9_A8+_C1,8,0.05970149,0.07790549,0.76633227,exodus,major,transition_bucket_shape,taam_events
P<=4_A4_C0,P<=4_A2_C0,8,0.0372093,0.01830566,2.03266631,exodus,major,transition_bucket_shape,taam_events
P7-9_A8+_C1,P5-6_A5_C0,8,0.04371585,0.05449127,0.8022541,exodus,major,transition_bucket_shape,taam_events
P10-12_A8+_C3,P<=4_A3_C0,8,0.14545455,0.07620264,1.90878619,exodus,major,transition_bucket_shape,taam_events
P10-12_A8+_C1,P5-6_A5_C0,8,0.08421053,0.05449127,1.54539474,exodus,major,transition_bucket_shape,taam_events
P10-12_A8+_C1,P5-6_A6-7_C1,8,0.08421053,0.07535121,1.1175736,exodus,major,transition_bucket_shape,taam_events
P7-9_A8+_C1,P13-15_A8+_C2,8,0.04371585,0.02171137,2.01350048,exodus,major,transition_bucket_shape,taam_events
P5-6_A5_C0,P7-9_A6-7_C0,8,0.06299213,0.02894849,2.17600741,exodus,major,transition_bucket_shape,taam_events
P10-12_A8+_C2,P<=4_A5_C0,8,0.05925926,0.02894849,2.04705882,exodus,major,transition_bucket_shape,taam_events
P7-9_A8+_C1,P10-12_A8+_C2,7,0.03825137,0.05747126,0.66557377,exodus,major,transition_bucket_shape,taam_events
P<=4_A3_C0,P10-12_A8+_C2,7,0.03910615,0.05747126,0.68044693,exodus,major,transition_bucket_shape,taam_events
P13-15_A8+_C3,P10-12_A8+_C2,7,0.15909091,0.05747126,2.76818182,exodus,major,transition_bucket_shape,taam_events
P10-12_A8+_C2,P7-9_A8+_C2,7,0.05185185,0.05704555,0.90895522,exodus,major,transition_bucket_shape,taam_events
P<=4_A2_C0,P5-6_A6-7_C1,7,0.1627907,0.07535121,2.1604257,exodus,major,transition_bucket_shape,taam_events
P<=4_A5_C1,P7-9_A8+_C2,7,0.16666667,0.05704555,2.92164179,exodus,major,transition_bucket_shape,taam_events
P<=4_A4_C0,P5-6_A5_C1,7,0.03255814,0.02724564,1.19498547,exodus,major,transition_bucket_shape,taam_events
P10-12_A8+_C1,P7-9_A8+_C2,7,0.07368421,0.05704555,1.29167321,exodus,major,transition_bucket_shape,taam_events
P7-9_A8+_C1,P7-9_A6-7_C1,7,0.03825137,0.0651341,0.58727097,exodus,major,transition_bucket_shape,taam_events
P<=4_A5_C0,P7-9_A6-7_C1,7,0.10294118,0.0651341,1.58044983,exodus,major,transition_bucket_shape,taam_events
P5-6_A6-7_C0,P5-6_A5_C0,7,0.06730769,0.05449127,1.23520132,exodus,major,transition_bucket_shape,taam_events
P7-9_A8+_C2,P5-6_A5_C0,7,0.05223881,0.05449127,0.95866371,exodus,major,transition_bucket_shape,taam_events
P10-12_A8+_C2,P10-12_A8+_C1,7,0.05185185,0.04044274,1.28210526,exodus,major,transition_bucket_shape,taam_events
P5-6_A5_C0,P5-6_A6-7_C1,7,0.05511811,0.07535121,0.73148272,exodus,major,transition_bucket_shape,taam_events
P7-9_A8+_C2,P10-12_A8+_C2,7,0.05223881,0.05747126,0.90895522,exodus,major,transition_bucket_shape,taam_events
P5-6_A5_C0,P5-6_A5_C0,7,0.05511811,0.05449127,1.01150344,exodus,major,transition_bucket_shape,taam_events
P<=4_A3_C0,P5-6_A4_C0,7,0.03910615,0.0293742,1.33130921,exodus,major,transition_bucket_shape,taam_events
P<=4_A3_C0,P7-9_A8+_C2,7,0.03910615,0.05704555,0.68552489,exodus,major,transition_bucket_shape,taam_events
P7-9_A8+_C1,P<=4_A5_C0,7,0.03825137,0.02894849,1.32135969,exodus,major,transition_bucket_shape,taam_events
P5-6_A6-7_C1,P7-9_A6-7_C0,7,0.03954802,0.02894849,1.36615155,exodus,major,transition_bucket_shape,taam_events
P5-6_A4_C0,P7-9_A8+_C1,7,0.10144928,0.07790549,1.30220955,exodus,major,transition_bucket_shape,taam_events
P5-6_A6-7_C0,P5-6_A6-7_C1,7,0.06730769,0.07535121,0.89325293,exodus,major,transition_bucket_shape,taam_events
P5-6_A5_C0,P5-6_A6-7_C0,7,0.05511811,0.04427416,1.24492732,exodus,major,transition_bucket_shape,taam_events
P7-9_A6-7_C1,P7-9_A8+_C2,7,0.04575163,0.05704555,0.80201932,exodus,major,transition_bucket_shape,taam_events
P<=4_A4_C0,P5-6_A4_C0,6,0.02790698,0.0293742,0.95005056,exodus,major,transition_bucket_shape,taam_events
P7-9_A8+_C1,P10-12_A8+_C1,6,0.03278689,0.04044274,0.81069888,exodus,major,transition_bucket_shape,taam_events
P7-9_A8+_C2,P10-12_A8+_C3,6,0.04477612,0.02341422,1.91234735,exodus,major,transition_bucket_shape,taam_events
P5-6_A5_C0,P5-6_A5_C1,6,0.04724409,0.02724564,1.73400591,exodus,major,transition_bucket_shape,taam_events
P13-15_A8+_C2,P5-6_A5_C0,6,0.11764706,0.05449127,2.15900735,exodus,major,transition_bucket_shape,taam_events
P7-9_A8+_C1,P7-9_A8+_C2,6,0.03278689,0.05704555,0.5747492,exodus,major,transition_bucket_shape,taam_events
P<=4_A4_C0,P7-9_A6-7_C0,6,0.02790698,0.02894849,0.96402189,exodus,major,transition_bucket_shape,taam_events
P7-9_A8+_C2,P5-6_A6-7_C0,6,0.04477612,0.04427416,1.01133754,exodus,major,transition_bucket_shape,taam_events
P5-6_A5_C0,P7-9_A6-7_C1,6,0.04724409,0.0651341,0.7253358,exodus,major,transition_bucket_shape,taam_events
P5-6_A5_C0,P7-9_A8+_C2,6,0.04724409,0.05704555,0.82818193,exodus,major,transition_bucket_shape,taam_events
P13-15_A8+_C2,P7-9_A8+_C1,6,0.11764706,0.07790549,1.51012536,exodus,major,transition_bucket_shape,taam_events
P7-9_A6-7_C0,P7-9_A6-7_C1,6,0.08823529,0.0651341,1.35467128,exodus,major,transition_bucket_shape,taam_events
P<=4_A3_C0,P5-6_A6-7_C0,6,0.03351955,0.04427416,0.75709067,exodus,major,transition_bucket_shape,taam_events
P5-6_A6-7_C1,P5-6_A5_C0,6,0.03389831,0.05449127,0.62208686,exodus,major,transition_bucket_shape,taam_events
P10-12_A8+_C2,P5-6_A5_C0,6,0.04444444,0.05449127,0.815625,exodus,major,transition_bucket_shape,taam_events
P5-6_A5_C0,P7-9_A8+_C1,6,0.04724409,0.07790549,0.60642829,exodus,major,transition_bucket_shape,taam_events
P5-6_A6-7_C0,P7-9_A8+_C1,6,0.05769231,0.07790549,0.74054224,exodus,major,transition_bucket_shape,taam_events
P7-9_A6-7_C0,P7-9_A8+_C1,6,0.08823529,0.07790549,1.13259402,exodus,major,transition_bucket_shape,taam_events
P7-9_A6-7_C0,P<=4_A4_C0,6,0.08823529,0.09152831,0.96402189,exodus,major,transition_bucket_shape,taam_events
P5-6_A6-7_C1,P7-9_A6-7_C2,6,0.03389831,0.01191997,2.84382567,exodus,major,transition_bucket_shape,taam_events
P7-9_A8+_C2,P<=4_A5_C1,6,0.04477612,0.01787995,2.50426439,exodus,major,transition_bucket_shape,taam_events
P<=4_A5_C0,P7-9_A8+_C1,5,0.07352941,0.07790549,0.94382835,exodus,major,transition_bucket_shape,taam_events
P5-6_A4_C0,P5-6_A5_C0,5,0.07246377,0.05449127,1.32982337,exodus,major,transition_bucket_shape,taam_events
P13-15_A8+_C2,P5-6_A6-7_C1,5,0.09803922,0.07535121,1.30109671,exodus,major,transition_bucket_shape,taam_events
P5-6_A4_C0,P<=4_A3_C0,5,0.07246377,0.07620264,0.95093515,exodus,major,transition_bucket_shape,taam_events
P7-9_A6-7_C0,P7-9_A8+_C2,5,0.07352941,0.05704555,1.28895961,exodus,major,transition_bucket_shape,taam_events
P7-9_A8+_C1,P5-6_A5_C1,5,0.0273224,0.02724564,1.00281762,exodus,major,transition_bucket_shape,taam_events
P10-12_A8+_C2,P10-12_A8+_C2,5,0.03703704,0.05747126,0.64444444,exodus,major,transition_bucket_shape,taam_events
P<=4_A2_C0,P7-9_A8+_C1,5,0.11627907,0.07790549,1.49256576,exodus,major,transition_bucket_shape,taam_events
P<=4_A3_C0,P<=4_A5_C0,5,0.02793296,0.02894849,0.96491949,exodus,major,transition_bucket_shape,taam_events
P<=4_A5_C0,P<=4_A3_C0,5,0.07352941,0.07620264,0.96491949,exodus,major,transition_bucket_shape,taam_events
P7-9_A8+_C2,P<=4_A5_C0,5,0.03731343,0.02894849,1.28895961,exodus,major,transition_bucket_shape,taam_events
P5-6_A6-7_C0,P<=4_A4_C0,5,0.04807692,0.09152831,0.52526834,exodus,major,transition_bucket_shape,taam_events
P5-6_A6-7_C0,P10-12_A8+_C3,5,0.04807692,0.02341422,2.05332168,exodus,major,transition_bucket_shape,taam_events
P5-6_A6-7_C0,P5-6_A5_C1,5,0.04807692,0.02724564,1.76457332,exodus,major,transition_bucket_shape,taam_events
P5-6_A5_C1,P10-12_A8+_C2,5,0.078125,0.05747126,1.359375,exodus,major,transition_bucket_shape,taam_events
P5-6_A6-7_C0,P<=4_A3_C0,5,0.04807692,0.07620264,0.6309089,exodus,major,transition_bucket_shape,taam_events
P13-15_A8+_C1,P5-6_A6-7_C1,5,0.22727273,0.07535121,3.01617874,exodus,major,transition_bucket_shape,taam_events
P7-9_A6-7_C0,P10-12_A8+_C2,5,0.07352941,0.05747126,1.27941176,exodus,major,transition_bucket_shape,taam_events
P5-6_A6-7_C1,P<=4_A5_C0,5,0.02824859,0.02894849,0.97582253,exodus,major,transition_bucket_shape,taam_events
P<=4_A5_C0,P5-6_A6-7_C0,5,0.07352941,0.04427416,1.66077489,exodus,major,transition_bucket_shape,taam_events
P5-6_A5_C1,P5-6_A6-7_C1,5,0.078125,0.07535121,1.03681144,exodus,major,transition_bucket_shape,taam_events
P5-6_A6-7_C1,P10-12_A8+_C3,5,0.02824859,0.02341422,1.20647149,exodus,major,transition_bucket_shape,taam_events
P7-9_A6-7_C1,P5-6_A6-7_C0,5,0.03267974,0.04427416,0.73812217,exodus,major,transition_bucket_shape,taam_events
P7-9_A6-7_C0,P5-6_A4_C0,5,0.07352941,0.0293742,2.50319693,exodus,major,transition_bucket_shape,taam_events
P5-6_A5_C1,P7-9_A6-7_C1,5,0.078125,0.0651341,1.19944853,exodus,major,transition_bucket_shape,taam_events
P5-6_A5_C1,P<=4_A5_C0,5,0.078125,0.02894849,2.69875919,exodus,major,transition_bucket_shape,taam_events
P5-6_A6-7_C0,P7-9_A8+_C0,5,0.04807692,0.01362282,3.52914663,exodus,major,transition_bucket_shape,taam_events
P7-9_A6-7_C0,P<=4_A3_C0,5,0.07352941,0.07620264,0.96491949,exodus,major,transition_bucket_shape,taam_events
P5-6_A6-7_C1,P<=4_A4_C1,5,0.02824859,0.00808855,3.49241748,exodus,major,transition_bucket_shape,taam_events
P5-6_A5_C1,P<=4_A3_C0,5,0.078125,0.07620264,1.02522696,exodus,major,transition_bucket_shape,taam_events
P<=4_A4_C0,P5-6_A8+_C1,5,0.02325581,0.00936569,2.48308668,exodus,major,transition_bucket_shape,taam_events
P5-6_A4_C0,P10-12_A8+_C2,5,0.07246377,0.05747126,1.26086957,exodus,major,transition_bucket_shape,taam_events
P4_A4_C0,P5_A5_C0,9,0.08653846,0.04086845,2.11748798,exodus,major,transition_exact_shape,taam_events
P5_A4_C0,P3_A4_C0,9,0.16071429,0.04682844,3.43198052,exodus,major,transition_exact_shape,taam_events
P2_A2_C0,P3_A4_C0,6,0.26086957,0.04682844,5.57075099,exodus,major,transition_exact_shape,taam_events
P4_A4_C0,P5_A6_C0,6,0.05769231,0.02085994,2.76569859,exodus,major,transition_exact_shape,taam_events
P5_A4_C0,P5_A5_C0,5,0.08928571,0.04086845,2.18470982,exodus,major,transition_exact_shape,taam_events
P3_A4_C0,P2_A2_C0,5,0.04545455,0.0097914,4.64229249,exodus,major,transition_exact_shape,taam_events
P5_A5_C0,P3_A3_C0,5,0.05208333,0.02724564,1.91162109,exodus,major,transition_exact_shape,taam_events
P3_A4_C0,P4_A4_C0,5,0.04545455,0.04427416,1.02666084,exodus,major,transition_exact_shape,taam_events
P7_A8_C1,P4_A4_C0,5,0.12820513,0.04427416,2.89571006,exodus,major,transition_exact_shape,taam_events
P6_A6_C1,P3_A4_C0,5,0.1,0.04682844,2.13545455,exodus,major,transition_exact_shape,taam_events
P3_A4_C0,P5_A5_C0,5,0.04545455,0.04086845,1.11221591,exodus,major,transition_exact_shape,taam_events
P3_A3_C0,P2_A3_C0,5,0.078125,0.02767135,2.82331731,exodus,major,transition_exact_shape,taam_events
P4_A5_C0,P6_A5_C0,5,0.08474576,0.01362282,6.22086864,exodus,major,transition_exact_shape,taam_events
P2_A3_C0,P5_A5_C0,5,0.07692308,0.04086845,1.88221154,exodus,major,transition_exact_shape,taam_events
P4_A4_C0,P4_A4_C0,5,0.04807692,0.04427416,1.08589127,exodus,major,transition_exact_shape,taam_events
P4_A4_C0,P6_A8_C1,5,0.04807692,0.00723712,6.64309955,exodus,major,transition_exact_shape,taam_events
P13-15_A8+_C2,P10-12_A8+_C1,15,0.15,0.11461794,1.30869565,exodus,verse,transition_bucket_shape,taam_events
P10-12_A8+_C1,P10-12_A8+_C1,14,0.10144928,0.11461794,0.88510817,exodus,verse,transition_bucket_shape,taam_events
P13-15_A8+_C2,P13-15_A8+_C2,11,0.11,0.08305648,1.3244,exodus,verse,transition_bucket_shape,taam_events
P13-15_A8+_C2,P13-15_A8+_C1,11,0.11,0.06312292,1.74263158,exodus,verse,transition_bucket_shape,taam_events
P10-12_A8+_C1,P13-15_A8+_C2,11,0.07971014,0.08305648,0.95971014,exodus,verse,transition_bucket_shape,taam_events
P10-12_A8+_C1,P16-18_A8+_C3,11,0.07971014,0.04568106,1.74492754,exodus,verse,transition_bucket_shape,taam_events
P7-9_A8+_C1,P13-15_A8+_C2,10,0.14285714,0.08305648,1.72,exodus,verse,transition_bucket_shape,taam_events
P7-9_A8+_C0,P10-12_A8+_C1,10,0.16129032,0.11461794,1.40719963,exodus,verse,transition_bucket_shape,taam_events
P10-12_A8+_C1,P19-24_A8+_C4+,10,0.07246377,0.05398671,1.34225195,exodus,verse,transition_bucket_shape,taam_events
P19-24_A8+_C3,P10-12_A8+_C1,10,0.15625,0.11461794,1.36322464,exodus,verse,transition_bucket_shape,taam_events
P13-15_A8+_C1,P10-12_A8+_C1,10,0.13157895,0.11461794,1.14797864,exodus,verse,transition_bucket_shape,taam_events
P10-12_A8+_C1,P16-18_A8+_C2,9,0.06521739,0.04983389,1.30869565,exodus,verse,transition_bucket_shape,taam_events
P10-12_A8+_C1,P10-12_A8+_C0,8,0.05797101,0.03654485,1.58629776,exodus,verse,transition_bucket_shape,taam_events
P10-12_A8+_C1,P13-15_A8+_C1,8,0.05797101,0.06312292,0.91838291,exodus,verse,transition_bucket_shape,taam_events
P7-9_A8+_C1,P10-12_A8+_C1,8,0.11428571,0.11461794,0.99710145,exodus,verse,transition_bucket_shape,taam_events
P10-12_A8+_C1,P16-18_A8+_C1,8,0.05797101,0.03571429,1.62318841,exodus,verse,transition_bucket_shape,taam_events
P10-12_A8+_C1,P10-12_A8+_C2,8,0.05797101,0.05398671,1.07380156,exodus,verse,transition_bucket_shape,taam_events
P10-12_A8+_C1,P13-15_A8+_C4+,8,0.05797101,0.01245847,4.6531401,exodus,verse,transition_bucket_shape,taam_events
P13-15_A8+_C2,P10-12_A8+_C2,7,0.07,0.05398671,1.29661538,exodus,verse,transition_bucket_shape,taam_events
P16-18_A8+_C2,P10-12_A8+_C1,7,0.11864407,0.11461794,1.0351265,exodus,verse,transition_bucket_shape,taam_events
P10-12_A8+_C2,P13-15_A8+_C2,7,0.10769231,0.08305648,1.29661538,exodus,verse,transition_bucket_shape,taam_events
P19-24_A8+_C2,P13-15_A8+_C1,7,0.13461538,0.06312292,2.13259109,exodus,verse,transition_bucket_shape,taam_events
P19-24_A8+_C3,P7-9_A8+_C1,7,0.109375,0.05813953,1.88125,exodus,verse,transition_bucket_shape,taam_events
P19-24_A8+_C3,P19-24_A8+_C4+,7,0.109375,0.05398671,2.02596154,exodus,verse,transition_bucket_shape,taam_events
P16-18_A8+_C3,P10-12_A8+_C1,7,0.12727273,0.11461794,1.11040843,exodus,verse,transition_bucket_shape,taam_events
P7-9_A8+_C0,P7-9_A8+_C0,7,0.11290323,0.05149502,2.1925078,exodus,verse,transition_bucket_shape,taam_events
P16-18_A8+_C3,P13-15_A8+_C2,6,0.10909091,0.08305648,1.31345455,exodus,verse,transition_bucket_shape,taam_events
P7-9_A8+_C0,P7-9_A8+_C1,6,0.09677419,0.05813953,1.66451613,exodus,verse,transition_bucket_shape,taam_events
P7-9_A8+_C1,P13-15_A8+_C3,6,0.08571429,0.04983389,1.72,exodus,verse,transition_bucket_shape,taam_events
P25+_A8+_C4+,P13-15_A8+_C2,6,0.24,0.08305648,2.8896,exodus,verse,transition_bucket_shape,taam_events
P13-15_A8+_C3,P13-15_A8+_C3,6,0.1,0.04983389,2.00666667,exodus,verse,transition_bucket_shape,taam_events
P13-15_A8+_C1,P13-15_A8+_C2,6,0.07894737,0.08305648,0.95052632,exodus,verse,transition_bucket_shape,taam_events
P16-18_A8+_C2,P10-12_A8+_C2,6,0.10169492,0.05398671,1.88370274,exodus,verse,transition_bucket_shape,taam_events
P10-12_A8+_C2,P10-12_A8+_C1,6,0.09230769,0.11461794,0.80535117,exodus,verse,transition_bucket_shape,taam_events
P10-12_A8+_C1,P7-9_A8+_C1,6,0.04347826,0.05813953,0.74782609,exodus,verse,transition_bucket_shape,taam_events
P19-24_A8+_C4+,P19-24_A8+_C4+,6,0.09230769,0.05398671,1.70982249,exodus,verse,transition_bucket_shape,taam_events
P13-15_A8+_C2,P19-24_A8+_C4+,6,0.06,0.05398671,1.11138462,exodus,verse,transition_bucket_shape,taam_events
P10-12_A8+_C0,P10-12_A8+_C1,6,0.13636364,0.11461794,1.18972332,exodus,verse,transition_bucket_shape,taam_events
P13-15_A8+_C3,P10-12_A8+_C1,6,0.1,0.11461794,0.87246377,exodus,verse,transition_bucket_shape,taam_events
P13-15_A8+_C1,P13-15_A8+_C3,6,0.07894737,0.04983389,1.58421053,exodus,verse,transition_bucket_shape,taam_events
P10-12_A8+_C2,P19-24_A8+_C2,5,0.07692308,0.04318937,1.78106509,exodus,verse,transition_bucket_shape,taam_events
P10-12_A8+_C2,P7-9_A8+_C1,5,0.07692308,0.05813953,1.32307692,exodus,verse,transition_bucket_shape,taam_events
P13-15_A8+_C1,P10-12_A8+_C0,5,0.06578947,0.03654485,1.80023923,exodus,verse,transition_bucket_shape,taam_events
P16-18_A8+_C4+,P16-18_A8+_C2,5,0.14285714,0.04983389,2.86666667,exodus,verse,transition_bucket_shape,taam_events
P13-15_A8+_C3,P7-9_A8+_C1,5,0.08333333,0.05813953,1.43333333,exodus,verse,transition_bucket_shape,taam_events
P10-12_A8+_C2,P7-9_A8+_C0,5,0.07692308,0.05149502,1.49379653,exodus,verse,transition_bucket_shape,taam_events
P13-15_A8+_C2,P13-15_A8+_C3,5,0.05,0.04983389,1.00333333,exodus,verse,transition_bucket_shape,taam_events
P13-15_A8+_C3,P5-6_A6-7_C0,5,0.08333333,0.0307309,2.71171171,exodus,verse,transition_bucket_shape,taam_events
P16-18_A8+_C2,P13-15_A8+_C1,5,0.08474576,0.06312292,1.34255129,exodus,verse,transition_bucket_shape,taam_events
P13-15_A8+_C1,P7-9_A8+_C0,5,0.06578947,0.05149502,1.27758913,exodus,verse,transition_bucket_shape,taam_events
P19-24_A8+_C2,P19-24_A8+_C3,5,0.09615385,0.05315615,1.80889423,exodus,verse,transition_bucket_shape,taam_events
P7-9_A8+_C0,P13-15_A8+_C3,5,0.08064516,0.04983389,1.61827957,exodus,verse,transition_bucket_shape,taam_events
P13-15_A8+_C3,P13-15_A8+_C2,5,0.08333333,0.08305648,1.00333333,exodus,verse,transition_bucket_shape,taam_events
P19-24_A8+_C4+,P13-15_A8+_C1,5,0.07692308,0.06312292,1.21862348,exodus,verse,transition_bucket_shape,taam_events
P13-15_A8+_C3,P19-24_A8+_C4+,5,0.08333333,0.05398671,1.54358974,exodus,verse,transition_bucket_shape,taam_events
P13-15_A8+_C2,P16-18_A8+_C3,5,0.05,0.04568106,1.09454545,exodus,verse,transition_bucket_shape,taam_events
P10-12_A8+_C2,P13-15_A8+_C3,5,0.07692308,0.04983389,1.54358974,exodus,verse,transition_bucket_shape,taam_events
P19-24_A8+_C4+,P7-9_A8+_C0,5,0.07692308,0.05149502,1.49379653,exodus,verse,transition_bucket_shape,taam_events
P10-12_A8+_C0,P13-15_A8+_C3,5,0.11363636,0.04983389,2.28030303,exodus,verse,transition_bucket_shape,taam_events
P7-9_A8+_C1,P19-24_A8+_C2,5,0.07142857,0.04318937,1.65384615,exodus,verse,transition_bucket_shape,taam_events
P16-18_A8+_C1,P10-12_A8+_C1,5,0.11627907,0.11461794,1.01449275,exodus,verse,transition_bucket_shape,taam_events
P10-12_A8+_C2,P10-12_A8+_C2,5,0.07692308,0.05398671,1.42485207,exodus,verse,transition_bucket_shape,taam_events
P5-6_A6-7_C0,P7-9_A8+_C0,5,0.13513514,0.05149502,2.62423714,exodus,verse,transition_bucket_shape,taam_events
