fold,feature,pos_count,neg_count,log_likelihood_ratio,direction,rank
0,pos_dist_combo=9_4,17,13,1.89777986,positive,1
0,has_visible_taam=0,1273,1363,1.57820543,positive,2
0,taam_current=NONE,1273,1363,1.57820543,positive,3
0,pos_dist_combo=7_4,26,37,1.30471614,positive,4
0,pos_dist_combo=5_3,44,70,1.19044804,positive,5
0,pos_dist_combo=8_9,5,9,1.13563981,positive,6
0,pos_dist_combo=3_3,69,125,1.05867876,positive,7
0,major_len=22,5,10,1.04032963,positive,8
0,taam_current=meteg,111,206,1.03224551,positive,9
0,pos_dist_combo=2_3,85,161,1.01321639,positive,10
0,pos_dist_combo=3_4,48,92,1.00568623,positive,11
0,taam_current=mahapakh+meteg,0,1,0.95331825,positive,12
0,taam_current=meteg+darga,0,1,0.95331825,positive,13
0,taam_current=meteg+meteg,0,1,0.95331825,positive,14
0,taam_current=meteg+segol,0,1,0.95331825,positive,15
0,taam_current=meteg+telisha_qetana,0,1,0.95331825,positive,16
0,taam_current=yerah_ben_yomo,0,1,0.95331825,positive,17
0,taam_current=zarqa,0,1,0.95331825,positive,18
0,pos_dist_combo=10+_5,21,46,0.88736028,positive,19
0,pos_dist_combo=8_7,5,12,0.87327554,positive,20
0,pos_dist_combo=6_3,31,70,0.84952146,positive,21
0,dist_end=3,430,956,0.84877013,positive,22
0,pos_dist_combo=3_7,20,47,0.81978686,positive,23
0,pos_dist_combo=5_4,30,71,0.80378651,positive,24
0,pos_dist_combo=1_3,88,211,0.77851552,positive,25
0,pos_dist_combo=8_3,19,47,0.77099669,positive,26
0,pos_dist_combo=6_6,11,28,0.76407625,positive,27
0,pos_dist_combo=8_4,11,28,0.76407625,positive,28
0,pos_dist_combo=10+_9,3,9,0.7301747,positive,29
0,pos_dist_combo=3_9,11,29,0.7301747,positive,30
0,pos_dist_combo=9_8,3,9,0.7301747,positive,31
0,pos_dist_combo=2_4,55,140,0.72305723,positive,32
0,pos_dist_combo=10+_3,34,88,0.71317712,positive,33
0,pos_dist_combo=9_6,4,12,0.69095398,positive,34
0,dist_end=4,296,779,0.68090365,positive,35
0,pos_dist_combo=3_10+,31,84,0.66955008,positive,36
0,pos_dist_combo=9_3,9,26,0.65321366,positive,37
0,pos_dist_combo=3_5,32,89,0.64316332,positive,38
0,pos_dist_combo=4_4,30,84,0.63780138,positive,39
0,pos_dist_combo=9_7,4,13,0.61684601,positive,40
0,pos_dist_combo=1_7,28,83,0.58294446,positive,41
0,pos_dist_combo=4_3,35,107,0.54785314,positive,42
0,pos_dist_combo=5_5,16,50,0.54785314,positive,43
0,pos_dist_combo=9_9,1,5,0.54785314,positive,44
0,taam_current=meteg+gershayim,0,2,0.54785314,positive,45
0,taam_current=meteg+pazer,0,2,0.54785314,positive,46
0,taam_current=meteg+qadma,0,2,0.54785314,positive,47
0,taam_current=qadma+geresh,0,2,0.54785314,positive,48
0,pos_dist_combo=7_3,16,51,0.52843505,positive,49
0,pos_dist_combo=10+_4,19,61,0.51506332,positive,50
0,pos_dist_combo=4_5,22,77,0.42525082,positive,51
0,pos_dist_combo=2_7,24,84,0.42269,positive,52
0,pos_dist_combo=5_9,4,16,0.42269,positive,53
0,pos_dist_combo=9_5,4,16,0.42269,positive,54
0,pos_dist_combo=7_5,8,30,0.4097028,positive,55
0,dist_end=7,112,392,0.40004364,positive,56
0,pos_dist_combo=6_5,14,52,0.38422372,positive,57
0,pos_dist_combo=4_8,8,31,0.3779541,positive,58
0,rel=Q2,550,1971,0.3713967,positive,59
0,pos_dist_combo=8_5,5,21,0.34718245,positive,60
0,pos_dist_combo=1_6,31,117,0.34151671,positive,61
0,pos_dist_combo=3_6,19,73,0.33813261,positive,62
0,pos_dist_combo=4_7,13,51,0.33427904,positive,63
0,dist_end=5,176,668,0.3168311,positive,64
0,pos_dist_combo=6_4,13,53,0.29653871,positive,65
0,major_len=9,164,649,0.27543854,positive,66
0,major_len=25,3,15,0.26017107,positive,67
0,pos_dist_combo=10+_7,5,23,0.26017107,positive,68
0,pos_dist_combo=8_10+,3,15,0.26017107,positive,69
0,taam_current=meteg+geresh,0,3,0.26017107,positive,70
0,taam_current=meteg+pashta+pashta,0,3,0.26017107,positive,71
0,pos_start=3,265,1093,0.23236576,positive,72
0,major_len=18,37,156,0.22780578,positive,73
0,half=first,988,4111,0.22149495,positive,74
0,pos_dist_combo=1_4,47,200,0.21436153,positive,75
0,pos_dist_combo=5_7,6,29,0.1911782,positive,76
0,major_len=14,66,288,0.18473136,positive,77
0,major_len=10,147,644,0.17442739,positive,78
0,major_len=21,4,21,0.16486089,positive,79
0,major_len=13,76,339,0.16132523,positive,80
0,taam_current=tipeha,0,1651,-5.76327652,negative,1
0,dist_end=1,1,1809,-5.16146951,negative,2
0,taam_current=pashta,0,533,-4.63393041,negative,3
0,taam_current=tevir,0,385,-4.30937194,negative,4
0,pos_dist_combo=3_1,0,278,-3.98474635,negative,5
0,pos_dist_combo=4_1,0,252,-3.88692406,negative,6
0,pos_dist_combo=2_1,0,228,-3.78725657,negative,7
0,major_len=3,0,225,-3.77406957,negative,8
0,pos_dist_combo=1_1,0,225,-3.77406957,negative,9
0,pos_dist_combo=10+_1,0,212,-3.71482674,negative,10
0,taam_current=merkha,5,1210,-3.66097684,negative,11
0,taam_current=geresh,0,159,-3.42870839,negative,12
0,taam_current=mahapakh,1,305,-3.38397249,negative,13
0,pos_dist_combo=6_1,0,144,-3.33026831,negative,14
0,pos_dist_combo=7_1,0,116,-3.11570851,negative,15
0,taam_current=pashta+pashta,0,104,-3.00749492,negative,16
0,pos_dist_combo=8_1,0,97,-2.93850205,negative,17
0,pos_dist_combo=5_1,1,188,-2.90213441,negative,18
0,taam_current=segol,0,75,-2.68426791,negative,19
0,taam_current=zinor,0,71,-2.63020069,negative,20
0,pos_dist_combo=9_1,0,69,-2.60202981,negative,21
0,taam_current=meteg+pashta,0,50,-2.2853602,negative,22
0,taam_current=gershayim,0,46,-2.20368217,negative,23
0,taam_current=meteg+tipeha,0,33,-1.8798951,negative,24
0,taam_current=telisha_qetana,0,33,-1.8798951,negative,25
0,has_visible_taam=1,204,6389,-1.79301414,negative,26
0,taam_current=darga,3,123,-1.78752178,negative,27
0,taam_current=yetiv,0,27,-1.68573908,negative,28
0,taam_current=qadma,6,180,-1.60612145,negative,29
0,taam_current=telisha_gedola,0,24,-1.5724104,negative,30
0,pos_dist_combo=9_2,2,65,-1.44457702,negative,31
0,rel=Q4,92,1954,-1.39908055,negative,32
0,major_len=4,21,436,-1.34242531,negative,33
0,taam_current=pazer,0,17,-1.24390633,negative,34
0,taam_current=munah,78,1093,-0.9816827,negative,35
0,pos_dist_combo=10+_2,10,136,-0.87562022,negative,36
0,taam_current=meteg+merkha,0,11,-0.83844122,negative,37
0,taam_current=meteg+munah,0,11,-0.83844122,negative,38
0,pos_dist_combo=4_2,16,189,-0.7673453,negative,39
0,pos_dist_combo=10+_10+,0,10,-0.75142984,negative,40
0,pos_dist_combo=7_2,7,87,-0.75142984,negative,41
0,taam_current=meteg+tevir,0,10,-0.75142984,negative,42
0,pos_dist_combo=9_10+,0,9,-0.65611966,negative,43
0,dist_end=2,147,1462,-0.6445667,negative,44
0,pos_dist_combo=1_10+,19,194,-0.63080186,negative,45
0,pos_dist_combo=6_10+,3,38,-0.63080186,negative,46
0,pos_dist_combo=1_2,21,208,-0.60482637,negative,47
0,pos_dist_combo=8_2,5,56,-0.60482637,negative,48
0,pos_dist_combo=3_2,25,228,-0.52916004,negative,49
0,major_len=23,3,34,-0.52258827,negative,50
0,pos_dist_combo=7_6,2,25,-0.51301882,negative,51
0,pos_dist_combo=7_8,1,16,-0.49360073,negative,52
0,pos_dist_combo=2_9,5,49,-0.47379811,negative,53
0,pos_dist_combo=2_2,31,260,-0.45231908,negative,54
0,pos_dist_combo=5_6,6,56,-0.45067569,negative,55
0,taam_current=munah+meteg,0,7,-0.43297611,negative,56
0,pos_dist_combo=5_2,16,131,-0.40312315,negative,57
0,pos_dist_combo=7_9,1,14,-0.36843759,negative,58
0,half=second,489,3641,-0.35941744,negative,59
0,pos_dist_combo=10+_8,1,13,-0.29944472,negative,60
0,pos_dist_combo=6_2,14,102,-0.28021336,negative,61
0,pos_dist_combo=6_8,2,19,-0.25065456,negative,62
0,pos_dist_combo=8_6,2,18,-0.19936126,negative,63
0,pos_start=10+,101,637,-0.18690004,negative,64
0,major_len=5,119,749,-0.18611603,negative,65
0,pos_dist_combo=2_6,16,105,-0.18376032,negative,66
0,major_len=17,32,203,-0.175147,negative,67
0,pos_start=4,152,940,-0.17003979,negative,68
0,pos_start=7,68,421,-0.16443338,negative,69
0,pos_dist_combo=6_7,4,29,-0.14529404,negative,70
0,pos_start=6,94,549,-0.10957596,negative,71
0,dist_end=10+,106,617,-0.10719419,negative,72
0,dist_end=8,54,316,-0.10510316,negative,73
0,pos_dist_combo=1_8,14,85,-0.09983167,negative,74
0,pos_dist_combo=1_9,9,55,-0.07630117,negative,75
0,pos_dist_combo=2_8,9,55,-0.07630117,negative,76
0,pos_dist_combo=7_7,3,21,-0.05828266,negative,77
0,pos_start=8,57,317,-0.05514294,negative,78
0,pos_dist_combo=5_8,4,26,-0.03993352,negative,79
0,pos_start=1,289,1547,-0.0283727,negative,80
1,pos_dist_combo=9_4,16,17,1.62137903,positive,1
1,has_visible_taam=0,1227,1394,1.55102986,positive,2
1,taam_current=NONE,1227,1394,1.55102986,positive,3
1,pos_dist_combo=9_9,3,4,1.45539389,positive,4
1,pos_dist_combo=10+_9,3,5,1.27307234,positive,5
1,pos_dist_combo=7_4,27,41,1.27307234,positive,6
1,pos_dist_combo=8_9,5,8,1.27307234,positive,7
1,pos_dist_combo=2_3,92,158,1.14223274,positive,8
1,major_len=22,6,11,1.13954094,positive,9
1,pos_dist_combo=10+_3,38,71,1.06543297,positive,10
1,taam_current=meteg,112,208,1.06359101,positive,11
1,pos_dist_combo=3_4,49,96,1.01584947,positive,12
1,pos_dist_combo=9_7,4,9,0.98539026,positive,13
1,taam_current=mahapakh+meteg,0,1,0.98539026,positive,14
1,taam_current=meteg+qarney_para,0,1,0.98539026,positive,15
1,taam_current=meteg+telisha_qetana,0,1,0.98539026,positive,16
1,taam_current=qadma+geresh,0,1,0.98539026,positive,17
1,taam_current=qadma+mahapakh,0,1,0.98539026,positive,18
1,taam_current=zarqa,0,1,0.98539026,positive,19
1,pos_dist_combo=5_3,36,74,0.97196724,positive,20
1,pos_dist_combo=3_3,61,132,0.9153227,positive,21
1,dist_end=3,412,931,0.86465222,positive,22
1,pos_dist_combo=3_9,12,29,0.84228942,positive,23
1,pos_dist_combo=6_3,28,66,0.84114066,positive,24
1,pos_dist_combo=5_4,28,68,0.81172677,positive,25
1,pos_dist_combo=4_3,41,103,0.77181616,positive,26
1,pos_dist_combo=3_7,16,42,0.75055067,positive,27
1,pos_dist_combo=3_5,31,82,0.72543274,positive,28
1,pos_dist_combo=1_7,33,88,0.7162616,positive,29
1,pos_dist_combo=1_3,78,207,0.71044722,positive,30
1,pos_dist_combo=8_7,5,15,0.69770819,positive,31
1,pos_dist_combo=9_8,3,10,0.66693653,positive,32
1,pos_dist_combo=10+_5,16,46,0.66160319,positive,33
1,pos_dist_combo=9_3,9,27,0.64891803,positive,34
1,pos_dist_combo=4_4,28,81,0.63911403,positive,35
1,pos_dist_combo=5_9,5,16,0.63708357,positive,36
1,dist_end=4,283,804,0.63666941,positive,37
1,pos_dist_combo=4_7,16,49,0.59972778,positive,38
1,pos_dist_combo=7_3,16,49,0.59972778,positive,39
1,pos_dist_combo=2_7,23,71,0.57992516,positive,40
1,pos_dist_combo=5_5,15,47,0.57992516,positive,41
1,pos_dist_combo=6_6,10,32,0.57992516,positive,42
1,pos_dist_combo=9_5,5,17,0.57992516,positive,43
1,taam_current=merkha_kefula,0,2,0.57992516,positive,44
1,taam_current=meteg+darga,0,2,0.57992516,positive,45
1,taam_current=meteg+gershayim,0,2,0.57992516,positive,46
1,taam_current=meteg+meteg,0,2,0.57992516,positive,47
1,taam_current=meteg+qadma,0,2,0.57992516,positive,48
1,taam_current=meteg+segol,0,2,0.57992516,positive,49
1,pos_dist_combo=8_4,8,27,0.54355751,positive,50
1,pos_dist_combo=2_4,46,149,0.51804975,positive,51
1,pos_dist_combo=8_3,13,44,0.51093228,positive,52
1,pos_dist_combo=4_5,23,77,0.49988245,positive,53
1,pos_dist_combo=8_5,7,25,0.49988245,positive,54
1,dist_end=7,114,376,0.49122439,positive,55
1,pos_dist_combo=3_10+,24,88,0.4087769,positive,56
1,rel=Q2,538,1986,0.37387177,positive,57
1,pos_dist_combo=6_5,12,47,0.37228579,positive,58
1,pos_dist_combo=6_4,13,51,0.36635106,positive,59
1,major_len=18,42,160,0.3583332,positive,60
1,pos_dist_combo=6_9,3,14,0.3567816,positive,61
1,pos_dist_combo=7_5,8,33,0.3494015,positive,62
1,pos_dist_combo=1_4,53,206,0.3348027,positive,63
1,dist_end=5,167,646,0.33015513,positive,64
1,pos_dist_combo=10+_7,6,26,0.32861073,positive,65
1,pos_dist_combo=8_10+,3,15,0.29224308,positive,66
1,taam_current=meteg+pazer,0,3,0.29224308,positive,67
1,taam_current=meteg+zinor,0,3,0.29224308,positive,68
1,pos_dist_combo=1_6,29,120,0.28394428,positive,69
1,major_len=9,158,650,0.268932,positive,70
1,pos_dist_combo=10+_6,8,36,0.26484411,positive,71
1,pos_dist_combo=3_6,18,78,0.25352857,positive,72
1,half=first,972,4142,0.22974609,positive,73
1,pos_dist_combo=10+_4,15,68,0.21701966,positive,74
1,dist_end=9,53,232,0.21648304,positive,75
1,pos_dist_combo=5_8,5,25,0.21220038,positive,76
1,major_len=10,145,634,0.20851907,positive,77
1,pos_dist_combo=2_8,11,52,0.19315218,positive,78
1,pos_dist_combo=5_10+,11,52,0.19315218,positive,79
1,major_len=25,3,17,0.17446005,positive,80
1,taam_current=tipeha,0,1637,-5.72269382,negative,1
1,taam_current=pashta,0,525,-4.58676377,negative,2
1,dist_end=1,3,1836,-4.45105728,negative,3
1,taam_current=tevir,0,397,-4.30791456,negative,4
1,pos_dist_combo=3_1,0,296,-4.01519469,negative,5
1,major_len=3,0,229,-3.75954186,negative,6
1,pos_dist_combo=1_1,0,229,-3.75954186,negative,7
1,pos_dist_combo=10+_1,0,227,-3.75080818,negative,8
1,taam_current=merkha,5,1211,-3.62973025,negative,9
1,taam_current=mahapakh,1,299,-3.33209785,negative,10
1,taam_current=geresh,0,145,-3.30506918,negative,11
1,pos_dist_combo=6_1,0,131,-3.20426448,negative,12
1,pos_dist_combo=4_1,1,259,-3.18899701,negative,13
1,pos_dist_combo=7_1,0,114,-3.06639468,negative,14
1,pos_dist_combo=2_1,1,226,-3.05326539,negative,15
1,taam_current=pashta+pashta,0,110,-3.03099276,negative,16
1,pos_dist_combo=5_1,1,196,-2.9115191,negative,17
1,pos_dist_combo=8_1,0,96,-2.89617353,negative,18
1,taam_current=segol,0,76,-2.66526798,negative,19
1,taam_current=zinor,0,63,-2.48034564,negative,20
1,pos_dist_combo=9_1,0,62,-2.46459728,negative,21
1,taam_current=darga,1,120,-2.42410592,negative,22
1,taam_current=meteg+pashta,0,48,-2.21328285,negative,23
1,taam_current=gershayim,0,46,-2.17161016,negative,24
1,taam_current=telisha_qetana,0,37,-1.95904871,negative,25
1,taam_current=yetiv,0,35,-1.90498149,negative,26
1,taam_current=meteg+tipeha,0,34,-1.87681062,negative,27
1,has_visible_taam=1,210,6398,-1.73350143,negative,28
1,taam_current=qadma,6,184,-1.59590823,negative,29
1,taam_current=telisha_gedola,0,25,-1.57955909,negative,30
1,taam_current=pazer,0,23,-1.49951639,negative,31
1,pos_dist_combo=8_2,2,64,-1.39723754,negative,32
1,rel=Q4,97,1991,-1.33338951,negative,33
1,major_len=4,24,442,-1.1961565,negative,34
1,pos_dist_combo=9_2,3,61,-1.06230258,negative,35
1,pos_dist_combo=5_2,9,131,-0.90167938,negative,36
1,taam_current=meteg+tevir,0,12,-0.88641191,negative,37
1,taam_current=munah,85,1103,-0.87381049,negative,38
1,pos_dist_combo=6_10+,2,36,-0.83376818,negative,39
1,taam_current=meteg+merkha,0,11,-0.8063692,negative,40
1,taam_current=meteg+munah,0,10,-0.71935783,negative,41
1,pos_dist_combo=7_2,8,96,-0.69894896,negative,42
1,major_len=23,2,31,-0.68858617,negative,43
1,dist_end=2,143,1461,-0.6392099,negative,44
1,pos_dist_combo=10+_2,13,140,-0.63116512,negative,45
1,pos_dist_combo=9_10+,0,9,-0.62404765,negative,46
1,pos_dist_combo=3_2,22,228,-0.61969034,negative,47
1,pos_dist_combo=4_2,16,160,-0.56965358,negative,48
1,pos_dist_combo=7_6,2,27,-0.55505478,negative,49
1,pos_dist_combo=1_10+,21,198,-0.52372493,negative,50
1,pos_dist_combo=1_2,23,216,-0.52330608,negative,51
1,pos_dist_combo=10+_8,1,17,-0.51868713,negative,52
1,pos_dist_combo=6_8,1,17,-0.51868713,negative,53
1,pos_dist_combo=7_9,1,16,-0.46152872,negative,54
1,major_len=21,3,31,-0.4009041,negative,55
1,taam_current=munah+meteg,0,7,-0.4009041,negative,56
1,half=second,465,3650,-0.3800333,negative,57
1,pos_dist_combo=2_2,33,259,-0.35578366,negative,58
1,pos_dist_combo=2_10+,18,142,-0.33986821,negative,59
1,pos_dist_combo=4_9,3,28,-0.30246402,negative,60
1,pos_dist_combo=6_2,14,106,-0.28624119,negative,61
1,major_len=5,111,762,-0.24022172,negative,62
1,pos_dist_combo=6_7,3,26,-0.23100506,negative,63
1,pos_dist_combo=7_8,2,19,-0.21858254,negative,64
1,pos_start=8,48,325,-0.21653964,negative,65
1,dist_end=10+,97,642,-0.2026398,negative,66
1,pos_dist_combo=10+_10+,1,12,-0.19326473,negative,67
1,pos_start=10+,101,648,-0.17192246,negative,68
1,pos_dist_combo=2_6,16,105,-0.15168831,negative,69
1,major_len=16,36,229,-0.14862395,negative,70
1,pos_start=7,71,439,-0.13157116,negative,71
1,pos_dist_combo=5_6,9,60,-0.12975133,negative,72
1,pos_start=6,86,526,-0.12275498,negative,73
1,pos_dist_combo=2_9,9,58,-0.09641491,negative,74
1,pos_start=4,157,904,-0.06680247,negative,75
1,major_len=17,31,181,-0.05973334,negative,76
1,pos_start=5,124,701,-0.04708222,negative,77
1,dist_end=8,56,317,-0.04046267,negative,78
1,pos_dist_combo=2_5,21,121,-0.03444115,negative,79
1,major_len=20,15,87,-0.02621065,negative,80
2,pos_dist_combo=9_9,3,3,1.67622641,positive,1
2,pos_dist_combo=9_4,12,13,1.60211844,positive,2
2,has_visible_taam=0,1259,1372,1.59034,positive,3
2,taam_current=NONE,1259,1372,1.59034,positive,4
2,pos_dist_combo=7_4,31,35,1.55844337,positive,5
2,pos_dist_combo=9_7,5,9,1.16540079,positive,6
2,pos_dist_combo=3_9,12,22,1.10568155,positive,7
2,pos_dist_combo=2_3,88,160,1.08345841,positive,8
2,pos_dist_combo=6_3,34,66,1.02688185,positive,9
2,pos_dist_combo=5_3,39,77,1.00839704,positive,10
2,pos_dist_combo=10+_5,20,40,1.00717678,positive,11
2,pos_dist_combo=6_6,12,25,0.98307923,positive,12
2,taam_current=mahapakh+meteg,0,1,0.98307923,positive,13
2,taam_current=meteg+qadma,0,1,0.98307923,positive,14
2,taam_current=meteg+qarney_para,0,1,0.98307923,positive,15
2,taam_current=qadma+geresh,0,1,0.98307923,positive,16
2,taam_current=qadma+mahapakh,0,1,0.98307923,positive,17
2,taam_current=yerah_ben_yomo,0,1,0.98307923,positive,18
2,taam_current=zarqa,0,1,0.98307923,positive,19
2,pos_dist_combo=3_4,47,97,0.96245994,positive,20
2,taam_current=meteg,105,219,0.94603796,positive,21
2,pos_dist_combo=5_4,32,68,0.93862747,positive,22
2,pos_dist_combo=3_3,63,137,0.90785581,positive,23
2,pos_dist_combo=4_3,45,100,0.88974729,positive,24
2,dist_end=3,418,950,0.85658327,positive,25
2,pos_dist_combo=3_7,19,45,0.84331729,positive,26
2,pos_dist_combo=8_4,10,25,0.81602514,positive,27
2,pos_dist_combo=10+_3,28,68,0.80941573,positive,28
2,pos_dist_combo=8_3,19,47,0.80075767,positive,29
2,pos_dist_combo=5_9,6,16,0.78892321,positive,30
2,pos_dist_combo=10+_9,3,9,0.75993568,positive,31
2,pos_dist_combo=8_9,3,9,0.75993568,positive,32
2,pos_dist_combo=4_4,34,88,0.7429381,positive,33
2,pos_dist_combo=1_7,33,86,0.73667882,positive,34
2,pos_dist_combo=8_7,4,12,0.72071496,positive,35
2,dist_end=4,300,787,0.71383858,positive,36
2,pos_dist_combo=1_3,81,220,0.68478296,positive,37
2,pos_dist_combo=2_4,52,142,0.68367369,positive,38
2,pos_dist_combo=3_5,31,87,0.6646255,positive,39
2,pos_dist_combo=4_7,17,49,0.65457516,positive,40
2,pos_dist_combo=9_5,5,16,0.63477253,positive,41
2,pos_dist_combo=9_8,2,8,0.57761412,positive,42
2,taam_current=merkha_kefula,0,2,0.57761412,positive,43
2,taam_current=meteg+darga,0,2,0.57761412,positive,44
2,taam_current=meteg+gershayim,0,2,0.57761412,positive,45
2,taam_current=meteg+meteg,0,2,0.57761412,positive,46
2,taam_current=meteg+pashta+pashta,0,2,0.57761412,positive,47
2,taam_current=meteg+segol,0,2,0.57761412,positive,48
2,pos_dist_combo=3_10+,25,82,0.51548234,positive,49
2,pos_dist_combo=5_5,15,51,0.49757141,positive,50
2,pos_dist_combo=7_5,9,32,0.48230394,positive,51
2,pos_dist_combo=9_3,9,32,0.48230394,positive,52
2,dist_end=7,112,378,0.46607802,positive,53
2,pos_dist_combo=8_5,7,26,0.45983109,positive,54
2,pos_dist_combo=7_3,12,43,0.45698613,positive,55
2,pos_dist_combo=4_5,21,75,0.43653552,positive,56
2,pos_dist_combo=3_6,22,79,0.42969399,positive,57
2,major_len=22,3,13,0.42346344,positive,58
2,pos_dist_combo=6_4,14,53,0.39529256,positive,59
2,rel=Q2,537,1971,0.37728143,positive,60
2,pos_dist_combo=1_4,52,199,0.34820096,positive,61
2,dist_end=5,173,667,0.33099354,positive,62
2,pos_dist_combo=6_5,13,53,0.32629969,positive,63
2,pos_dist_combo=1_6,28,111,0.32502337,positive,64
2,pos_dist_combo=10+_4,16,67,0.28993205,positive,65
2,pos_dist_combo=3_8,12,51,0.28993205,positive,66
2,taam_current=meteg+pazer,0,3,0.28993205,positive,67
2,taam_current=meteg+zinor,0,3,0.28993205,positive,68
2,major_len=9,158,649,0.26815825,positive,69
2,major_len=13,82,340,0.26318454,positive,70
2,pos_dist_combo=6_9,3,16,0.22930743,positive,71
2,pos_dist_combo=7_7,3,16,0.22930743,positive,72
2,half=first,963,4150,0.21621316,positive,73
2,pos_start=3,257,1111,0.21527052,positive,74
2,pos_dist_combo=5_8,5,25,0.20988934,positive,75
2,pos_dist_combo=5_10+,10,47,0.20292067,positive,76
2,pos_dist_combo=5_7,7,34,0.20031989,positive,77
2,pos_dist_combo=2_7,17,78,0.19715032,positive,78
2,rel=Q3,560,2493,0.18430419,positive,79
2,major_len=12,118,529,0.1824729,positive,80
2,taam_current=tipeha,0,1665,-5.74195441,negative,1
2,taam_current=pashta,0,517,-4.57374883,negative,2
2,dist_end=1,3,1840,-4.45554341,negative,3
2,taam_current=tevir,0,378,-4.2613098,negative,4
2,taam_current=mahapakh,0,314,-4.07634623,negative,5
2,taam_current=merkha,3,1204,-4.03171408,negative,6
2,pos_dist_combo=3_1,0,297,-4.02086708,negative,7
2,major_len=3,0,230,-3.7661913,negative,8
2,pos_dist_combo=1_1,0,230,-3.7661913,negative,9
2,pos_dist_combo=10+_1,0,210,-3.67563172,negative,10
2,taam_current=geresh,0,155,-3.3736296,negative,11
2,pos_dist_combo=6_1,0,146,-3.31420618,negative,12
2,pos_dist_combo=4_1,1,250,-3.15607935,negative,13
2,pos_dist_combo=2_1,1,230,-3.07304412,negative,14
2,pos_dist_combo=7_1,0,110,-3.03330379,negative,15
2,taam_current=pashta+pashta,0,110,-3.03330379,negative,16
2,pos_dist_combo=5_1,1,203,-2.9487464,negative,17
2,pos_dist_combo=8_1,0,100,-2.93889411,negative,18
2,taam_current=segol,0,72,-2.61423303,negative,19
2,taam_current=zinor,0,72,-2.61423303,negative,20
2,pos_dist_combo=9_1,0,64,-2.49816086,negative,21
2,taam_current=meteg+pashta,0,48,-2.21559389,negative,22
2,taam_current=telisha_qetana,0,44,-2.13043608,negative,23
2,taam_current=gershayim,0,40,-2.03734566,negative,24
2,taam_current=darga,2,116,-1.98733524,negative,25
2,taam_current=qadma,4,186,-1.94544429,negative,26
2,has_visible_taam=1,181,6418,-1.88678452,negative,27
2,taam_current=meteg+tipeha,0,34,-1.87912165,negative,28
2,taam_current=yetiv,0,29,-1.72497097,negative,29
2,rel=Q4,78,1975,-1.54315562,negative,30
2,taam_current=telisha_gedola,0,20,-1.36829603,negative,31
2,taam_current=pazer,0,19,-1.31950586,negative,32
2,pos_dist_combo=10+_8,0,18,-1.26821257,negative,33
2,major_len=4,22,435,-1.26592162,negative,34
2,pos_dist_combo=6_2,5,108,-1.223362,negative,35
2,taam_current=munah,67,1101,-1.10914787,negative,36
2,pos_dist_combo=8_2,3,61,-1.06461361,negative,37
2,pos_dist_combo=9_2,3,60,-1.04835309,negative,38
2,taam_current=meteg+merkha,0,14,-1.03182379,negative,39
2,pos_dist_combo=9_10+,0,13,-0.96283092,negative,40
2,pos_dist_combo=7_9,0,12,-0.88872295,negative,41
2,taam_current=meteg+munah,0,12,-0.88872295,negative,42
2,pos_dist_combo=4_2,13,175,-0.85520026,negative,43
2,taam_current=meteg+tevir,0,10,-0.72166886,negative,44
2,pos_dist_combo=1_10+,18,201,-0.68760231,negative,45
2,dist_end=2,135,1439,-0.6835171,negative,46
2,pos_dist_combo=10+_2,12,136,-0.67880516,negative,47
2,pos_dist_combo=7_2,8,90,-0.63740852,negative,48
2,pos_dist_combo=7_6,2,28,-0.59245713,negative,49
2,pos_dist_combo=1_2,21,205,-0.56060731,negative,50
2,taam_current=munah+meteg,0,8,-0.52099817,negative,51
2,pos_dist_combo=1_8,9,87,-0.49852531,negative,52
2,pos_dist_combo=5_2,14,131,-0.49852531,negative,53
2,major_len=23,3,33,-0.46383975,negative,54
2,pos_dist_combo=6_10+,4,41,-0.4520053,negative,55
2,pos_dist_combo=2_2,30,259,-0.45046802,negative,56
2,pos_dist_combo=6_7,2,23,-0.40321513,negative,57
2,pos_dist_combo=8_6,2,23,-0.40321513,negative,58
2,pos_dist_combo=8_8,1,15,-0.40321513,negative,59
2,pos_dist_combo=3_2,26,214,-0.39857475,negative,60
2,half=second,477,3640,-0.35417651,negative,61
2,pos_dist_combo=8_10+,1,14,-0.33867661,negative,62
2,pos_dist_combo=6_8,2,21,-0.31620376,negative,63
2,pos_dist_combo=2_9,8,63,-0.2854321,negative,64
2,pos_dist_combo=10+_10+,1,13,-0.26968374,negative,65
2,taam_current=meteg+geresh,0,6,-0.26968374,negative,66
2,major_len=5,111,776,-0.26071507,negative,67
2,dist_end=10+,93,646,-0.2528251,negative,68
2,major_len=21,3,26,-0.2333161,negative,69
2,pos_dist_combo=4_9,3,26,-0.2333161,negative,70
2,pos_dist_combo=7_10+,3,26,-0.2333161,negative,71
2,dist_end=8,48,328,-0.22801104,negative,72
2,pos_start=10+,93,627,-0.22301897,negative,73
2,pos_dist_combo=4_10+,10,72,-0.21633776,negative,74
2,pos_dist_combo=5_6,7,52,-0.21462396,negative,75
2,pos_start=8,50,332,-0.20009045,negative,76
2,pos_dist_combo=2_10+,21,137,-0.15998482,negative,77
2,major_len=17,30,192,-0.15247657,negative,78
2,pos_start=6,89,552,-0.13932192,negative,79
2,pos_dist_combo=4_6,8,54,-0.1338822,negative,80
3,pos_dist_combo=9_4,15,14,1.72782512,positive,1
3,has_visible_taam=0,1257,1363,1.5823882,positive,2
3,taam_current=NONE,1257,1363,1.5823882,positive,3
3,pos_dist_combo=7_4,28,36,1.41966452,positive,4
3,pos_dist_combo=8_9,5,8,1.2578215,positive,5
3,pos_dist_combo=5_4,33,57,1.12920412,positive,6
3,pos_dist_combo=2_3,89,156,1.10685047,positive,7
3,pos_dist_combo=3_4,52,92,1.10097902,positive,8
3,pos_dist_combo=3_3,69,126,1.06759476,positive,9
3,pos_dist_combo=5_3,40,78,1.00741082,positive,10
3,pos_dist_combo=6_3,30,59,1.00292925,positive,11
3,major_len=22,5,11,0.97013942,positive,12
3,pos_dist_combo=9_9,2,5,0.97013942,positive,13
3,taam_current=mahapakh+meteg,0,1,0.97013942,positive,14
3,taam_current=meteg+darga,0,1,0.97013942,positive,15
3,taam_current=meteg+meteg,0,1,0.97013942,positive,16
3,taam_current=meteg+qarney_para,0,1,0.97013942,positive,17
3,taam_current=meteg+telisha_qetana,0,1,0.97013942,positive,18
3,taam_current=qadma+mahapakh,0,1,0.97013942,positive,19
3,taam_current=yerah_ben_yomo,0,1,0.97013942,positive,20
3,pos_dist_combo=3_9,10,22,0.92568766,positive,21
3,taam_current=meteg,107,226,0.92046781,positive,22
3,dist_end=3,430,946,0.8760956,positive,23
3,pos_dist_combo=5_5,19,45,0.83037748,positive,24
3,pos_dist_combo=9_7,5,13,0.81598874,positive,25
3,pos_dist_combo=8_3,18,44,0.80106309,positive,26
3,pos_dist_combo=3_7,19,47,0.78781787,positive,27
3,pos_dist_combo=3_5,32,79,0.77776753,positive,28
3,pos_dist_combo=5_9,6,16,0.77598341,positive,29
3,pos_dist_combo=10+_5,16,41,0.75883033,positive,30
3,pos_dist_combo=4_3,43,108,0.75612835,positive,31
3,pos_dist_combo=8_5,7,19,0.74699587,positive,32
3,pos_dist_combo=1_3,84,212,0.74464569,positive,33
3,pos_dist_combo=10+_3,33,86,0.72373901,positive,34
3,pos_dist_combo=1_7,31,81,0.72230326,positive,35
3,pos_dist_combo=9_6,4,12,0.70777516,positive,36
3,pos_dist_combo=2_4,55,147,0.69142602,positive,37
3,dist_end=4,296,791,0.68245735,positive,38
3,pos_dist_combo=7_3,17,47,0.68245735,positive,39
3,pos_dist_combo=4_4,30,88,0.60863744,positive,40
3,pos_dist_combo=4_5,25,75,0.5906498,positive,41
3,taam_current=merkha_kefula,0,2,0.56467431,positive,42
3,taam_current=meteg+gershayim,0,2,0.56467431,positive,43
3,taam_current=meteg+pazer,0,2,0.56467431,positive,44
3,taam_current=meteg+qadma,0,2,0.56467431,positive,45
3,taam_current=meteg+segol,0,2,0.56467431,positive,46
3,taam_current=qadma+geresh,0,2,0.56467431,positive,47
3,pos_dist_combo=3_10+,28,88,0.54194606,positive,48
3,pos_dist_combo=9_5,5,18,0.51060709,positive,49
3,pos_dist_combo=8_4,9,31,0.50013579,positive,50
3,pos_dist_combo=10+_9,2,9,0.4593138,positive,51
3,pos_dist_combo=6_5,13,46,0.45219633,positive,52
3,pos_dist_combo=6_6,7,26,0.44689128,positive,53
3,pos_dist_combo=8_7,4,16,0.43951117,positive,54
3,pos_dist_combo=7_5,8,30,0.42652398,positive,55
3,pos_dist_combo=3_8,14,51,0.42009309,positive,56
3,rel=Q2,552,1971,0.39184107,positive,57
3,dist_end=5,179,641,0.39165515,positive,58
3,dist_end=7,104,389,0.35110021,positive,59
3,pos_dist_combo=1_6,29,111,0.34598511,positive,60
3,pos_dist_combo=8_6,3,14,0.34153076,positive,61
3,pos_dist_combo=10+_6,8,33,0.33415066,positive,62
3,pos_dist_combo=5_10+,13,52,0.33205202,positive,63
3,pos_dist_combo=9_3,7,30,0.30874094,positive,64
3,pos_dist_combo=3_6,20,81,0.30108979,positive,65
3,major_len=9,159,634,0.28483542,positive,66
3,pos_dist_combo=2_7,19,79,0.27699224,positive,67
3,taam_current=meteg+pashta+pashta,0,3,0.27699224,positive,68
3,taam_current=meteg+zinor,0,3,0.27699224,positive,69
3,pos_dist_combo=10+_4,17,72,0.26319892,positive,70
3,pos_start=3,273,1117,0.25711806,positive,71
3,pos_dist_combo=1_4,48,204,0.23209692,positive,72
3,half=first,976,4122,0.22343692,positive,73
3,major_len=10,148,631,0.21834352,positive,74
3,pos_dist_combo=8_10+,3,16,0.21636762,positive,75
3,major_len=8,162,703,0.20025845,positive,76
3,pos_dist_combo=4_7,11,52,0.17790134,positive,77
3,rel=Q3,559,2497,0.1679777,positive,78
3,pos_dist_combo=10+_7,4,22,0.1372303,positive,79
3,pos_dist_combo=4_8,6,32,0.11268919,positive,80
3,taam_current=tipeha,0,1691,-5.77037994,negative,1
3,taam_current=pashta,0,511,-4.57503802,negative,2
3,dist_end=1,3,1826,-4.46084959,negative,3
3,taam_current=tevir,0,374,-4.26363942,negative,4
3,pos_dist_combo=3_1,0,302,-4.0504462,negative,5
3,major_len=3,0,218,-3.72578513,negative,6
3,pos_dist_combo=1_1,0,218,-3.72578513,negative,7
3,pos_dist_combo=10+_1,0,200,-3.6400183,negative,8
3,taam_current=merkha,6,1208,-3.4883521,negative,9
3,taam_current=mahapakh,1,307,-3.373666,negative,10
3,taam_current=geresh,0,151,-3.36059392,negative,11
3,pos_dist_combo=6_1,0,145,-3.32032002,negative,12
3,pos_dist_combo=4_1,1,243,-3.14073444,negative,13
3,pos_dist_combo=2_1,1,241,-3.13250394,negative,14
3,pos_dist_combo=7_1,0,118,-3.11583689,negative,15
3,pos_dist_combo=8_1,0,102,-2.97144238,negative,16
3,taam_current=pashta+pashta,0,101,-2.96168621,negative,17
3,pos_dist_combo=5_1,1,192,-2.90625641,negative,18
3,taam_current=segol,0,83,-2.7675302,negative,19
3,taam_current=zinor,0,70,-2.59939327,negative,20
3,pos_dist_combo=9_1,0,65,-2.52636814,negative,21
3,taam_current=gershayim,0,47,-2.20791441,negative,22
3,taam_current=meteg+pashta,0,46,-2.186861,negative,23
3,taam_current=telisha_qetana,0,34,-1.89206146,negative,24
3,taam_current=meteg+tipeha,0,32,-1.83322096,negative,25
3,has_visible_taam=1,199,6411,-1.80432254,negative,26
3,taam_current=yetiv,0,31,-1.8024493,negative,27
3,taam_current=qadma,5,189,-1.791978,negative,28
3,pos_dist_combo=9_2,1,60,-1.75444008,negative,29
3,taam_current=telisha_gedola,0,29,-1.73791078,negative,30
3,taam_current=darga,3,116,-1.71259297,negative,31
3,rel=Q4,83,1982,-1.49826273,negative,32
3,major_len=4,20,449,-1.40143854,negative,33
3,taam_current=pazer,0,19,-1.33244567,negative,34
3,major_len=25,0,15,-1.10930212,negative,35
3,pos_dist_combo=7_6,1,30,-1.07755342,negative,36
3,pos_dist_combo=5_8,1,28,-1.01086205,negative,37
3,taam_current=munah,77,1075,-0.96101031,negative,38
3,pos_dist_combo=7_2,6,93,-0.93409803,negative,39
3,pos_dist_combo=10+_2,10,143,-0.90863142,negative,40
3,taam_current=meteg+merkha,0,12,-0.90166275,negative,41
3,taam_current=meteg+munah,0,12,-0.90166275,negative,42
3,pos_dist_combo=1_9,4,59,-0.82162005,negative,43
3,pos_dist_combo=4_2,16,188,-0.74524707,negative,44
3,pos_dist_combo=6_10+,3,43,-0.73460867,negative,45
3,pos_dist_combo=9_10+,0,10,-0.73460867,negative,46
3,pos_dist_combo=1_10+,17,191,-0.70383701,negative,47
3,pos_dist_combo=1_2,19,208,-0.68331538,negative,48
3,pos_dist_combo=8_2,5,61,-0.67208831,negative,49
3,dist_end=2,144,1489,-0.66651105,negative,50
3,taam_current=meteg+tevir,0,9,-0.63929849,negative,51
3,major_len=23,2,28,-0.60539694,negative,52
3,pos_dist_combo=2_2,30,282,-0.54817309,negative,53
3,pos_dist_combo=6_9,1,17,-0.53393797,negative,54
3,taam_current=munah+meteg,0,8,-0.53393797,negative,55
3,pos_dist_combo=10+_8,1,16,-0.47677956,negative,56
3,pos_dist_combo=3_2,29,229,-0.37359532,negative,57
3,pos_dist_combo=6_2,12,98,-0.36688389,negative,58
3,half=second,480,3652,-0.36415015,negative,59
3,pos_dist_combo=5_2,16,127,-0.35553032,negative,60
3,pos_dist_combo=7_9,1,14,-0.35161642,negative,61
3,pos_dist_combo=6_7,3,28,-0.31771487,negative,62
3,pos_dist_combo=2_9,7,55,-0.28262355,negative,63
3,pos_dist_combo=6_8,2,20,-0.28262355,negative,64
3,pos_dist_combo=7_10+,3,27,-0.28262355,negative,65
3,major_len=5,114,796,-0.27263595,negative,66
3,pos_start=10+,92,634,-0.2577389,negative,67
3,pos_start=6,80,532,-0.22078567,negative,68
3,pos_dist_combo=10+_10+,1,12,-0.20851557,negative,69
3,major_len=17,32,212,-0.201498,negative,70
3,dist_end=10+,100,631,-0.17048227,negative,71
3,pos_dist_combo=2_10+,19,124,-0.16929486,negative,72
3,pos_dist_combo=2_6,14,92,-0.16126269,negative,73
3,pos_start=7,69,430,-0.15432624,negative,74
3,major_len=19,14,90,-0.1395227,negative,75
3,major_len=21,4,29,-0.12847287,negative,76
3,pos_dist_combo=7_8,2,17,-0.12847287,negative,77
3,pos_dist_combo=9_8,1,11,-0.12847287,negative,78
3,taam_current=meteg+geresh,0,5,-0.12847287,negative,79
3,dist_end=8,54,327,-0.12239382,negative,80
4,pos_dist_combo=9_4,16,15,1.72881154,positive,1
4,pos_dist_combo=9_9,3,3,1.66818692,positive,2
4,has_visible_taam=0,1248,1364,1.57937572,positive,3
4,taam_current=NONE,1248,1364,1.57937572,positive,4
4,pos_dist_combo=7_4,24,31,1.42132684,positive,5
4,pos_dist_combo=9_7,6,8,1.41687249,positive,6
4,pos_dist_combo=5_3,45,73,1.19276322,positive,7
4,pos_dist_combo=2_3,94,165,1.11007602,positive,8
4,pos_dist_combo=3_3,66,124,1.0445658,positive,9
4,pos_dist_combo=6_3,37,71,1.02910696,positive,10
4,pos_dist_combo=3_9,15,30,1.00678844,positive,11
4,pos_dist_combo=3_4,48,95,0.99565902,positive,12
4,major_len=22,5,11,0.97503974,positive,13
4,taam_current=meteg+qadma,0,1,0.97503974,positive,14
4,taam_current=meteg+qarney_para,0,1,0.97503974,positive,15
4,taam_current=meteg+segol,0,1,0.97503974,positive,16
4,taam_current=meteg+telisha_qetana,0,1,0.97503974,positive,17
4,taam_current=qadma+mahapakh,0,1,0.97503974,positive,18
4,taam_current=yerah_ben_yomo,0,1,0.97503974,positive,19
4,taam_current=zarqa,0,1,0.97503974,positive,20
4,taam_current=meteg,109,221,0.9659899,positive,21
4,pos_dist_combo=5_4,33,72,0.904088,positive,22
4,dist_end=3,442,953,0.90109302,positive,23
4,pos_dist_combo=10+_5,19,43,0.87972956,positive,24
4,pos_dist_combo=4_4,34,79,0.84150834,positive,25
4,pos_dist_combo=6_6,12,29,0.83193889,positive,26
4,pos_dist_combo=4_3,40,94,0.82788209,positive,27
4,pos_dist_combo=8_9,2,6,0.82088906,positive,28
4,pos_dist_combo=9_5,5,13,0.82088906,positive,29
4,pos_dist_combo=8_3,19,46,0.81377159,positive,30
4,pos_dist_combo=3_10+,32,78,0.79524663,positive,31
4,pos_dist_combo=1_3,81,210,0.72304803,positive,32
4,pos_dist_combo=10+_3,31,83,0.70310602,positive,33
4,pos_dist_combo=3_5,30,83,0.67135732,positive,34
4,dist_end=4,285,775,0.67002621,positive,35
4,pos_dist_combo=3_7,18,51,0.66138218,positive,36
4,pos_dist_combo=7_3,19,54,0.65658601,positive,37
4,pos_dist_combo=9_8,3,10,0.65658601,positive,38
4,taam_current=merkha_kefula,0,2,0.56957463,positive,39
4,taam_current=meteg+darga,0,2,0.56957463,positive,40
4,taam_current=meteg+meteg,0,2,0.56957463,positive,41
4,taam_current=meteg+pazer,0,2,0.56957463,positive,42
4,taam_current=qadma+geresh,0,2,0.56957463,positive,43
4,pos_dist_combo=8_4,10,33,0.53972167,positive,44
4,pos_dist_combo=9_3,10,33,0.53972167,positive,45
4,pos_dist_combo=1_7,27,86,0.53448331,positive,46
4,pos_dist_combo=2_4,44,142,0.51200478,positive,47
4,pos_dist_combo=5_5,15,51,0.48953192,positive,48
4,pos_dist_combo=6_4,15,53,0.45179159,positive,49
4,pos_dist_combo=10+_4,17,60,0.44768481,positive,50
4,pos_dist_combo=4_5,21,76,0.41542395,positive,51
4,pos_dist_combo=7_5,7,27,0.41542395,positive,52
4,pos_dist_combo=10+_6,8,32,0.36890393,positive,53
4,pos_dist_combo=8_5,6,25,0.35600053,positive,54
4,rel=Q2,539,2009,0.35386606,positive,55
4,pos_dist_combo=3_6,21,81,0.35251012,positive,56
4,major_len=25,3,14,0.34643108,positive,57
4,dist_end=5,169,662,0.30721036,positive,58
4,pos_dist_combo=4_7,11,47,0.28189256,positive,59
4,pos_dist_combo=6_9,3,15,0.28189256,positive,60
4,taam_current=meteg+zinor,0,3,0.28189256,positive,61
4,major_len=9,161,650,0.27727361,positive,62
4,pos_dist_combo=1_6,27,113,0.26419298,positive,63
4,pos_dist_combo=5_10+,11,48,0.26127327,positive,64
4,pos_start=3,271,1115,0.25648284,positive,65
4,dist_end=7,94,389,0.25591707,positive,66
4,pos_dist_combo=5_8,5,24,0.24107056,positive,67
4,major_len=19,20,87,0.23537254,positive,68
4,pos_dist_combo=6_5,12,54,0.22580309,positive,69
4,pos_dist_combo=5_9,3,16,0.22126793,positive,70
4,rel=Q3,570,2454,0.20969409,positive,71
4,half=first,957,4143,0.20361791,positive,72
4,pos_dist_combo=8_10+,2,12,0.20184985,positive,73
4,pos_dist_combo=1_4,44,195,0.19673475,positive,74
4,pos_dist_combo=4_8,7,34,0.1922804,positive,75
4,pos_dist_combo=4_6,12,56,0.19008501,positive,76
4,major_len=10,145,656,0.16410952,positive,77
4,pos_dist_combo=10+_9,1,8,0.16410952,positive,78
4,pos_dist_combo=2_7,17,80,0.16410952,positive,79
4,major_len=13,79,367,0.14213061,positive,80
4,taam_current=tipeha,0,1664,-5.74939348,negative,1
4,dist_end=1,2,1825,-4.74308385,negative,2
4,taam_current=pashta,0,522,-4.59139455,negative,3
4,taam_current=tevir,0,382,-4.27984807,negative,4
4,pos_dist_combo=3_1,0,299,-4.03559556,negative,5
4,major_len=3,0,230,-3.77423079,negative,6
4,pos_dist_combo=1_1,0,230,-3.77423079,negative,7
4,pos_dist_combo=10+_1,0,219,-3.72544063,negative,8
4,taam_current=merkha,5,1207,-3.63677499,negative,9
4,pos_dist_combo=5_1,0,189,-3.57883715,negative,10
4,taam_current=geresh,0,158,-3.40071728,negative,11
4,taam_current=mahapakh,1,315,-3.39440812,negative,12
4,pos_dist_combo=6_1,0,150,-3.34909292,negative,13
4,pos_dist_combo=4_1,1,240,-3.12346284,negative,14
4,pos_dist_combo=7_1,0,118,-3.11093658,negative,15
4,pos_dist_combo=2_1,1,219,-3.03229345,negative,16
4,taam_current=pashta+pashta,0,107,-3.01394431,negative,17
4,pos_dist_combo=8_1,0,97,-2.91678056,negative,18
4,taam_current=segol,0,70,-2.59449296,negative,19
4,pos_dist_combo=9_1,0,64,-2.50620035,negative,20
4,taam_current=zinor,0,64,-2.50620035,negative,21
4,taam_current=gershayim,0,49,-2.24383609,negative,22
4,taam_current=meteg+pashta,0,48,-2.22363338,negative,23
4,taam_current=telisha_qetana,0,44,-2.13847557,negative,24
4,has_visible_taam=1,202,6416,-1.7853131,negative,25
4,taam_current=yetiv,0,30,-1.76580029,negative,26
4,taam_current=darga,3,121,-1.74953977,negative,27
4,taam_current=meteg+tipeha,0,27,-1.66401759,negative,28
4,pos_dist_combo=7_2,3,94,-1.49939561,negative,29
4,taam_current=qadma,7,185,-1.47811821,negative,30
4,taam_current=telisha_gedola,0,22,-1.4673073,negative,31
4,rel=Q4,86,1990,-1.46229727,negative,32
4,pos_dist_combo=7_7,0,19,-1.32754536,negative,33
4,major_len=4,25,422,-1.12108872,negative,34
4,pos_dist_combo=7_6,1,30,-1.07265311,negative,35
4,taam_current=pazer,0,14,-1.03986328,negative,36
4,pos_dist_combo=9_2,3,58,-1.02305617,negative,37
4,taam_current=munah,77,1100,-0.97907839,negative,38
4,taam_current=meteg+merkha,0,12,-0.89676244,negative,39
4,pos_dist_combo=9_10+,0,11,-0.81671973,negative,40
4,taam_current=meteg+tevir,0,11,-0.81671973,negative,41
4,pos_dist_combo=10+_2,11,141,-0.80273349,negative,42
4,pos_dist_combo=1_10+,17,192,-0.70413151,negative,43
4,pos_dist_combo=8_2,5,62,-0.68318834,negative,44
4,major_len=23,2,30,-0.667188,negative,45
4,major_len=21,2,29,-0.63439818,negative,46
4,pos_dist_combo=6_8,1,19,-0.63439818,negative,47
4,dist_end=2,151,1445,-0.58448896,negative,48
4,pos_dist_combo=6_10+,4,46,-0.57252277,negative,49
4,pos_dist_combo=5_2,13,128,-0.55256816,negative,50
4,pos_dist_combo=4_2,19,180,-0.53457784,negative,51
4,pos_dist_combo=6_2,11,106,-0.51973527,negative,52
4,pos_dist_combo=7_10+,2,25,-0.49129733,negative,53
4,pos_dist_combo=10+_8,1,16,-0.47187925,negative,54
4,pos_dist_combo=7_9,1,16,-0.47187925,negative,55
4,pos_dist_combo=1_2,24,203,-0.43105725,negative,56
4,pos_dist_combo=4_9,3,31,-0.41125462,negative,57
4,pos_dist_combo=7_8,1,15,-0.41125462,negative,58
4,taam_current=meteg+munah,0,7,-0.41125462,negative,59
4,pos_dist_combo=2_2,32,256,-0.38438161,negative,60
4,half=second,493,3637,-0.32846692,negative,61
4,pos_start=7,58,429,-0.31806085,negative,62
4,pos_dist_combo=2_6,14,105,-0.28720198,negative,63
4,pos_dist_combo=3_2,30,217,-0.28232094,negative,64
4,pos_dist_combo=2_9,7,55,-0.27772323,negative,65
4,taam_current=meteg+geresh,0,6,-0.27772323,negative,66
4,taam_current=munah+meteg,0,6,-0.27772323,negative,67
4,pos_start=10+,93,634,-0.2421433,negative,68
4,major_len=5,113,765,-0.2367968,negative,69
4,pos_dist_combo=4_10+,11,79,-0.22893307,negative,70
4,pos_dist_combo=8_6,2,19,-0.22893307,negative,71
4,pos_start=8,49,325,-0.20668746,negative,72
4,pos_dist_combo=8_8,1,12,-0.20361526,negative,73
4,dist_end=8,52,332,-0.16966366,negative,74
4,dist_end=10+,100,628,-0.16082382,negative,75
4,pos_dist_combo=5_7,5,36,-0.15097153,negative,76
4,major_len=17,31,196,-0.14928091,negative,77
4,pos_dist_combo=1_8,13,85,-0.14710305,negative,78
4,pos_dist_combo=2_10+,20,128,-0.14710305,negative,79
4,pos_dist_combo=2_8,9,60,-0.14010185,negative,80
